text,true_label,pred_label,prob_spam
招聘信息 业务拓展专员x名,0,1,0.6077055300813605
茱莉蔻亲亲宝贝双效洗发沐浴露200ml,0,1,0.6581000403214649
价微信 xoxoxoxoxxxx诚信经营的,0,1,0.6113005913250797
浙江省诸暨市大桥路深蓝中心xx号国贸对面蜜坐拖欠员工工资,0,1,0.7387946526666362
我想看少包第一部86西游记老版还珠格格苏有朋版倚天屠龙记至尊红颜孝庄秘史康熙王朝聊斋,0,1,0.5176576852420354
领导您好 您还记得让国人为之骄傲且震撼全世界的北京xxxx奥运会吗 您还记得 北京欢迎您 的五个福娃宝宝吗 从xxxx年到今天长达x年的酝酿 羊年春晚首发吉祥物 阳阳 穿越岁月的风尘 可爱的生肖宝玺羊玺正在向你走来 您是否又有当年购买 福娃宝宝 那时的冲动呢 冯文文,1,0,0.3545589296609137
如何设计适合企业当下的分配机制和晋升机制来激发销售团队的欲望 孵化销售干将 如何让销售人员坚信此行业 相信此产品 追随此老板 解决销售人员流动性大 不能扎根企业的人才难题 如何才能找到产品的卖点 客户的核心需求 如何巧妙引导化解客户的抗拒 成为销售行业的顶级杀手 精彩销售实战应用尽在x月x x日义乌娄强老师 销售战神 开课地点 浙江 义乌 投资金额 x萬元 xx人 x萬元 xx人 玖零丽丽敬上,1,0,0.3745797701380511
创业担保贷款期限最长不超过x年,0,1,0.5962408794598392
亲们 米格印象新一轮活动又开始了 依旧是xxx写真团购卡 内景三套个人写真随心拍摄 本月在小鱼这里顶写真的第八位 第十八位 二十八 三,1,0,0.397742301799991
com现有Kipling猩猩包返校季特卖低至5,0,1,0.8201018433549954
重磅消息 泰康人寿撼动市场的畅赢人生保险计划隆重登场 缴费xx年 交满就开始领钱 今年交多少 领钱时就每年领多少 直到xx岁 而且保证,1,0,0.3783505217475006
强烈谴责农业银行信用卡中心,0,1,0.9273979648050453
谢谢十堰iphone6plus国行64G直接先款,0,1,0.7434358896841875
猪哥频道猪哥高层勾结曾盗人,0,1,0.5341591895429527
大家好 有没有想找工作的 根据公司发展需求 大量招聘陕西省西安市 渭南 延安 榆林 商洛 安康 汉中 宝鸡 咸阳 各地区 县级药品销售,1,0,0.2917408884966743
文艺美学 建筑学 医学 人类学 哲学 美术,0,1,0.8997868971283673
急聘 急聘 急聘现在有支付宝和懂淘宝的兄弟姐妹们 给淘宝商家提人气 刷好评 每单x xx块不等 x xx分钟一单左右 不敢保证日赚百元 但基本每天可以有工资xx xxx左右 红包和远程单 不需要你出一分钱拍单 不需要流动资金 注意要流动资金的都是骗人 也可长期做 有店铺的朋友也可以来我们平台提高自己店的信誉跟销量 联系方式 QQ xxxxxxxxxx 非 诚勿扰,1,0,0.14257826144232175
成辉广告 青海专业信息资讯发布平台 专做招聘 房屋租转 售 宣传等广告 报纸 网站 微信 三个平台同时发布 三天内全市覆盖无死角,1,0,0.26529410201355763
并于x月xx日 x月x日期间进行数字证书授权,0,1,0.8972557678628756
愿明晰更多的疑虑心界更为宽广 不屈服于命里的相遇相识,0,1,0.5026817563971088
地址 O PLAZA欢乐海岸购物中心南湖广场玻璃房,0,1,0.8980278495142583
专业设计师会挑选合适的封面照,0,1,0.6065162439586165
保险一方面是为普通大众提供生活保障,0,1,0.5085150831261912
xxx xxx xxx晚上八点强势回归,0,1,0.6594054438562933
帮您做个他一样的号码 能知道他的一切往来 看到微信Q Q聊天讯息 详 xxxxxxxxxxx,1,0,0.11954657712430727
咨询热线18750164809,0,1,0.9525667079477504
注册时填写邀请码 xxxxxxxx,0,1,0.706793909494122
北源农业 生产销售新型水稻脱芒机 能有效除去稻芒 刺毛即未脱净的穗头和瘪子 育秧流水线 全自动育秧叠盘机 秧盘 等先进种水稻的设备和产品 优酷视频搜索 育秧流水线或稻种脱芒机有视频介绍 沈阳王鹏 xxxxxxxxxxx,1,0,0.14782020885590702
七老护肤品和七老soso果子是怎么代理的,0,1,0.5396287017147217
板蓝根分为北板蓝根和南板蓝根,0,1,0.5265285806416363
本店现有安旅星超高清xxxxP汽车行车记录仪广角迷你单镜头防碰瓷停车监控正在搞限时折扣促销活动,0,1,0.9576567920100973
打造 互联网 流通 的农村样板,0,1,0.5242581430113475
十年分期0利息不给银行一份利,0,1,0.6702133025021652
连城县旅游局与厦门佰廉国际旅行社合作,0,1,0.5338044503858477
标的信息 年化收益 x 项目期限 x个月起投金额 xxx,0,1,0.9345717622435706
急招赴阿尔及利亚木工 工期二年 工资八小时xxx,1,0,0.3665358373098978
云中捞新街口店旋转餐厅56层高一小时转一圈,0,1,0.5683070710677068
当您购买EverEarth木制玩具,0,1,0.5647084479041782
武钢重工集团轧机事业部维检队伍进驻武钢热轧总厂轧板厂,0,1,0.5345031415352304
小知识分子痛恨独裁痛恨专制警惕强权警惕权力大知识分子警惕民众,0,1,0.5340214510696596
中山市检察机关举办公诉人业务竞赛案例控辩赛,0,1,0.6950105832040319
原标题 xxxx高考作文题全民吐槽名人草根段子大比拼,0,1,0.6185494318187094
tr100升级成tr150发货啦,0,1,0.6541186795492334
输入我的推荐人代码 xxtpxy 就可以获得超值魔幻卡,0,1,0.6482164188739287
天天秒 是中投融投资回馈所有用户独家推出的抢红包活动,0,1,0.8528142502671551
王朋,1,0,0.5
双色球xxx万大奖得主为周徐兰 吴林俊,0,1,0.8016431439457814
上海東方錦鯉 拍 卖 x月xx日,1,0,0.4270217374108796
有需要各种手机 配件等等的速联系,0,1,0.8354453647050262
优质PxP将成xxxx年下半年理财主流,0,1,0.8527191878249846
9999新无痕迹2015CERVELOS5车架组有兴趣欢迎咨询超好价,0,1,0.9463687606286789
Dior风衣外套超级无敌百搭风衣外套,0,1,0.7320361649478738
淮南新集矿区的人民警察向全体解放军 武警现役 退役官兵致以崇高的敬意,0,1,0.5291571161186756
终于开盘了 能抢到已经算幸运了 赶紧预约小叶 xxx xxxx xxxx 御沁园五期 李嘉诚浦东重要作品,1,0,0.1908801559041176
保理业务的费用包括融资利息和保理业务手续费,0,1,0.7369807689552023
房地产税人均xx平米内免征,0,1,0.5421585130302874
增强免疫力 抗癌抗菌 调节三高还有美容养颜,0,1,0.8014023556196882
这一个好消息并不是商业性的促销活动,0,1,0.5778492420183376
LemonadeLab在波士顿和东京都设有办事处,0,1,0.5036881568043472
没抢到前三怎么办还有参与奖 198元七天面膜一盒百分之百中奖率,0,1,0.5738844293474106
我是Yesfashion中关村店的Louis,0,1,0.6893837637039558
Soothie系列婴幼儿硅胶安抚奶嘴,0,1,0.5234700807567959
有详细介绍sunny 的手工阿胶糕,0,1,0.8110386786716358
LinkedInOAuth升级啦,0,1,0.6665007024377096
认证信息为 滨湖区健康果乐百货经营部经理舒志远,0,1,0.7948765706861584
盐城金球不锈钢水箱生产水箱压块 不锈钢水箱 油水分离器 隔油池,0,1,0.6085089171784748
幻速S3店内现车充足最高钜惠0,0,1,0.8908962844333518
卫星城建设急需快速联通联系啊,0,1,0.5317333781523864
联系电话 18897988384,0,1,0.8839323546605062
最牛理财产品 泰康畅赢人生 三月即将退市 该产品可用于教育 养老 传承 是难得的理财产品 其特点 无论岁数大小 只交十五年 交满就领钱,1,0,0.40682285066606444
预计关键日期为xxxx年xx月xx日,0,1,0.6231597846369524
你想开着宝马Xx西藏自驾游吗 你想去日本看樱花吗 你想拥有xxxx风靡全球的超音刀吗 赶紧报名吧 报名电话xxxxxxxxxxx 贝,1,0,0.19669399873558152
所以有兴趣朋友可以来咨询我哈,0,1,0.5948560417985815
招聘季来啦 玫瑰 待业毁一生 啃老穷三代 你若来平安 必成高富帅 工作有空调 努力赚钱快 一年买车 二年买房 三年实现财务自由,1,0,0.4673597905545057
新年快乐 恭喜发财 找我装修的在xxxx年健康美丽赚大钱 谁先装修谁得利 找名雕大牌子装修才衬得上你的高度 等你抽空来看工地与材料 名雕唐工,1,0,0.46325888780204766
xxxx中甲第xx轮的赛事将揭开战幕,0,1,0.6091780789418119
只拿个手机计算器估了一下费用出入接近两万,0,1,0.6047826017377164
x尽快排除寒气 生姜x大片 红糖煮水,0,1,0.9334691334188318
xx个村淘服务点共成交订单xxxx多笔,0,1,0.8633214708207055
S92金湖支线金湖 东阳收费站双向关闭,0,1,0.6869337957369164
各位 本来在卖保险 有人寿 儿童教育基金 车险 养老保险等等很多 有需要的可以和我联系 xxxxxxxxxxx 陈秀,1,0,0.430674545158614
新建区人民政府驻长堎镇新建大道xxx号,0,1,0.5498513548718841
承接各类庆典演出 激光舞 电光舞 火舞 水管舞 铜人扇 视频互动秀 武术 泡泡秀 暖场不倒翁 详细视频资料见www spjmwsy com 商演视频 电话xxxxxxxxxxx,1,0,0.4810236832794299
农野网这家公司怎么样待遇怎么样,0,1,0.7445580971661422
排水,1,0,0.5
奇拍文化传播有限公司 神奇的拍摄 主营商业摄影 纪录片拍摄 宴会摄影摄像 企业宣传片 微电影 视频广告 淘宝拍摄 平面包装 画册设计,1,0,0.09165193443771219
2011快乐中国步步高音乐手机快乐女声全国总决赛第四场,0,1,0.9229649325246824
我分享了一个商品财神钥匙扣财神摆件精美汽车钥匙挂坠神像挂件可定制,0,1,0.5154372096649006
联系人 周15067429128,0,1,0.8815693885784469
今后不用麻烦去 奥 门了,1,0,0.38774572436100513
报名时间为xxxx年x月xx日x,0,1,0.9753447726589926
韩国首尔JAYJUN整形医院推出,0,1,0.6120604857238284
xx年陈天桥炒股赚了xx万创办盛大没买房,0,1,0.6540593984528027
枫桦豪景今天早x点感恩回馈大抽奖,0,1,0.9585704816376326
过年好 你接听过我的电话 党干的坏事太多太多了 它会招来灾难的 你看现在灾祸 社会问题真是太多了 高官也纷纷落马 这就是天在灭它 人们已经认清了这一点 都在退出它的组织 不和它沾光 我用新升这名字帮你把党组织 团或少先队退出了 好吧 祝福你们全家,1,0,0.007822263640612151
不断的有顾客咨询我们的葡萄籽皙颜,0,1,0.9001483039998617
xg带背光paperwhite,0,1,0.8574169952966644
我是银川市兴庆区清河北街高台寺巷凤翔苑小区的住户,0,1,0.6783202638625798
万先生 您好我是中福小林,0,1,0.9486109354909952
我正在玩最豪华 刺激 美女如云的手机老虎机游戏xG老虎转转转 推荐你也一起来玩 输入我的推荐码xxxxxxxxx免费赠送x万金币,1,0,0.42386706329815366
xx普罗旺斯 瓦伦索尔薰衣草,0,1,0.8449633197571749
手机系列的新品 飞马2Plus,0,1,0.6592578918561913
现代人的生活 对亲密关系的品质要求越来越高 人们不满足无趣 麻木相安无事的关系品质 想要有更多可以相互沟通 彼此滋养的爱的品质 如何建立自己想要的爱和亲密 什么是亲密关系中保持爱和活力的关键呢 欢迎你参加x月x日 爱与静心 亲密关系的爱和活力 我们将带领你看到关系模式 关系动力如何为爱流动转化 如何为爱创造成长而有活力的空间 欢迎想要提升亲密关系品质的朋友前来参加 时间 x月x日x xx xx xx 周日 费用 xxx元 人 团购价xxx元 人 x人以上 联系人 诗雅xxxxxxxxxxx 地点 金华天宁楼宾馆 原军分区招待所 x楼集贤厅,1,0,0.31369981751482656
台日音樂巨匠發燒SACD及HQCD各類款式齊備,0,1,0.8149392782766616
新一波来袭免费送汽车LED灯,0,1,0.7125457124232203
喜欢的美女可以 V信咨询哦,0,1,0.6668232345187485
推荐这家微店 诚信经营,0,1,0.5901441184679953
道里你会感悟 世间匆匆营众务,1,0,0.15641768422111102
价微信 xxom666诚信经营,0,1,0.6620672454579785
猜对的亲可以私聊我领红包哦,0,1,0.8799372957080461
每天签到均可获得x个流量红包,0,1,0.6392400880768294
加weixin oooxxxxxxx,0,1,0.6165753432700394
权贵集团通过操控国企发大财,0,1,0.5936867767967203
咨询电话 15570869664,0,1,0.9392994406926035
秒杀小米note和oppoR7全网通,0,1,0.6224770919844328
最近很多亲们咨询蛋白线提升,0,1,0.5162989883079775
可以有xxx xxxx的伯乐奖哦,0,1,0.844871328349225
边际消费倾向 边际储蓄倾向 xB,0,1,0.8627803193879398
欧美国家可能手续更麻烦吧,0,1,0.5271792508603277
ChinaBlue 无尽闪亮的摇滚全经典 巡回演唱会 南京站,0,1,0.5092743514936341
大润发门面店面积为22000平米,0,1,0.9844973257950941
古剑奇谭特效重制版第01集李易峰杨幂极致虐恋,0,1,0.5171679853129861
秒冲1581可查仅限浙江移动,0,1,0.5076041904750421
博尚高尔夫诚邀您体验XX10冰感毛巾的 冻感 传奇,0,1,0.8109058033627532
在太仓万达广场对面哦 期待与大家的见面,0,1,0.8745033285478535
今天下午两点钟在CBD商务外环西四街国际商会xx楼海纳红酒聚乐部 我的项目 中国优惠折扣网 会赚钱的pos机项目发布会 希望支持我的朋友 xxxx年想要转型的 从新选择新项目的朋友 想要投资但没有好项目朋友 不想自己永远给别人打工自己想做老板的朋友 来参加了解这台pos机怎样给你赚钱 怎么样给安装pos机的商家赚钱 怎么样给消费者返钱 帮助商家增加客户 稳定客户 中国优惠折扣网 欢迎您的到来 xxxxxxxxxxx 张聪,1,0,0.43634130011659844
格兰春天社区将于x月xx日和x月x日上午x,0,1,0.883762801132493
解放军xxx医院推出 诠释鱼水深情,0,1,0.5302691417240027
迫害佛法不仅自己遭报还会殃及家人 真心奉劝你为了自己和家人的平安 赶快悬崖勒马 停止迫害 好好了解真相 弥补罪过 赎回自己的未来,1,0,0.05710088260934764
专程到海港区法律援助中心致谢,0,1,0.5449377842321459
原本价值xx元一片的多爱眼罩现实行包邮,0,1,0.7718438073342134
xxxxxx魏一宁常州武进万达广场见面会赶紧游览,0,1,0.652101133448916
于xxxx年xx月xx日正式对外开放,0,1,0.8469372510638211
x深圳湾体育中心第三站 xx,0,1,0.9523789512190515
广州澎诚资产管理有限公司 公司招聘 文员 股票分析师 交易员 配资业务经理 风控经理 运营总监 文案策划等岗位 电话 xxxxxxxx,1,0,0.4027748292923044
jpg芝加哥PT二手落地晾衣架,0,1,0.5794062802388867
房地产税法最快xxxx年通过人均xx平米或免税,0,1,0.6978815602651862
详询看下图 咨询热线 66882022,0,1,0.9629046260961489
是度假季玩sexy必备的单品噢,0,1,0.5552919865442952
棉先生x天防臭袜出差旅游必备噢,0,1,0.5122420569246195
本公司专业从事无锡地区各种贷款 无抵押贷款,0,1,0.9392989336395438
原预xx师师长方先觉升任第xx军军长,0,1,0.5190785871933371
x月xx日在四川航空天猫旗舰店购买xx号贵阳飞温州xuxxxx航班,0,1,0.5408122220074852
德隆标价3350万变卖纽约房产若售出将赚1800万,0,1,0.6963881098995273
楚楚街手机上的特卖街作者是lvjinjie,0,1,0.5836338247790337
主要提供IT基础架构产品及方案的研究 开发 生产 销售及服务,0,1,0.551248522421328
在胜负彩15093期第三次擒获百万大奖,0,1,0.8505165336483295
今后不用去懊 门了,1,0,0.1857659922014189
宿豫区珠江路宿豫商贸城六街雅士利漆前慢车道,0,1,0.5446314976017466
xxxx年的xxx好心酸的赶脚,0,1,0.6439431237647641
斟问箴答 孩子几岁开始学乐器合适,0,1,0.6029379570758995
安澜大道 华资实业 突然停牌 复牌公布重大利好概率为xx 锦富新材 刚刚建仓 持股观望 一切按计划操作 规避风险 稳定获利 漫漫,1,0,0.07018172259765543
今晚六肖 羊鼠猪狗鸡猴 红绿波 一肖龙很好 虎马也要跟一点点 反正这两期必开 今晚量力而行,1,0,0.033568958895577566
有咨询或者需要算价的亲留言,0,1,0.8965304937492602
一期工程建筑面积约xxxxx平方米,0,1,0.6999682800345097
本月x号提现的xxxx元到账了,0,1,0.9557613407526006
策略 铁矿石xxxx可平多补空,0,1,0.7607761835220174
招聘广告内蒙古鸿天博盈文化传媒有限公司因业务需要招聘十名经纪业务员,0,1,0.7893885477652751
夏日RICOHTHETA免费送,0,1,0.8812028494709887
我正在看理财经理面谈 六大话术案例,0,1,0.5549696689930013
法律援助宣传宣传活动x场 人民调解活动x场,0,1,0.5769149778363364
家人非常着急望看到的属于我联系,0,1,0.523038798300163
SteveMaddenWomen sStryke坡跟凉鞋xx xx x,0,1,0.7267583991266459
没有签署cp的代理无权返点cp的x个点,0,1,0.6284935002776771
朋友圈处处都是杀阡陌 呲牙 呲牙 呲牙各种犯花痴 色 色女人们,0,1,0.5572778012488718
喜马拉雅 冈仁波齐酒店位于西藏自治区阿里地区普兰县塔尔钦镇,0,1,0.5968370041632616
东王杨秀清写信咨询响尾蛇号船长麦勒西,0,1,0.9128865462571387
商品主图 阿里巴巴产品详情页描述征集,0,1,0.7876741830261064
220平空中别墅同期火热认筹中,0,1,0.897959433358103
可抽取OrthoLite抗菌鞋垫,0,1,0.9254152197496043
关爱女性卡 仅售x天 为了你自己 或你爱的那个她一定要看完它 xxxx年x月x,1,0,0.245928964574236
浙江嵊州博能电器有限公司,0,1,0.5305263973210033
划龙桥路xxx号的工商银行店招破损,0,1,0.9397803720620062
健康快乐财富多 入僧伽藍,0,1,0.7973640809673744
京东上ix xGB xxxGB只要xxxx元,0,1,0.6817827709424555
我们是穿梭在银河的火箭队,0,1,0.6405581233112329
易车惠 购车狂欢季 在 十一 期间的良好业绩只是序曲,0,1,0.7030628697691824
谢谢王同18126415823QQ 417857598微信号 PAwangtong少儿教育保险 分红养老保险,0,1,0.8357020790532347
来南京的朋友们请不要错过街头卤味店,0,1,0.5392661080069157
xx年研究生未过在线加分 请加Q xxxxxxxxx 一次过 不返弹 永久有效 完成你的梦想,1,0,0.42366715799051363
每天为了抢玩具抢车子抢可乐瓶子,0,1,0.6077022752498731
wexxxn xxxxxxxxxxx,0,1,0.9829924078625019
您好 借钱不看他人脸色,1,0,0.45466067216086536
本片可谓为梅丽莎 麦卡西量身打造,0,1,0.8389835770277022
打电话咨询我公司电伴热带管道保温事项,0,1,0.7967182738526731
xxx万元交易额能省下xx元钱,0,1,0.6348923895098388
遇上勁可愛的貓醫生 不過難得睇醫生自然左問右問問問問,0,1,0.6041643040805361
拆平民住屋 建豆腐摩天 欓政军一齐卖 官 贪得巨财往国外转 天降雨 民怒吼 水咆哮 善 恶 有报 共惨谠已招人神愤 看 九 评 明真 相,1,0,0.27685369983155744
我发了一张图片给你 点击 看看吧 访问验证码是 xxxxxx请妥善保管,1,0,0.4782901631612211
有水上乐园 温泉还有高尔夫球场,0,1,0.6039978863771747
一个疑问 泰兴算不算低收入高消费的典型,0,1,0.7153788277133609
春晖路175号的店铺目前正在装修中,0,1,0.5744820002966663
全面实现蓝牙同步苹果手机便宜啦,0,1,0.6050053608984627
请进入广发信用卡微信银行回复 中奖查询 查询奖励验证码,0,1,0.7910090201434274
1号店团购飞利浦电脑型智能电饭煲149元,0,1,0.539548859395225
二手房过户流程 产权过户,0,1,0.8367808953190919
a今后再也不用去懊 门了 永 利 高 堵 场,1,0,0.22181526102829893
x xx招聘 求职 出租 出售 的士等便民信息 免费发布,0,1,0.6498182806271786
xx期 羊蛇不同类 二一定来马 买平肖 问廿三 马龙狗鸡六合旺 一三中平猪出肖 羊家去蛇家合中 买十八姑娘 五色四彩,1,0,0.4389023676355782
天猫机器人节 线下沙龙活动开始招募喽,0,1,0.7152567163062767
世界500强日资贸易公司招聘营业助理日语流利英语书读写能力新生可女性户籍不限,0,1,0.5226211290281153
国民政府明令 每年x月x日为抗战建国纪念日,0,1,0.7078204564921025
五相声杨阳大岚子学四省,0,1,0.6082074414134302
v今后不用麻烦去 奥 门了,1,0,0.40847259721425766
一定包中一期特码 一般等待下次发料 不要再买这xx号了 这次是试料 不收钱 下次要料收费是一个星期xxx元 到时还要料的再联系,1,0,0.17826417096142955
xx星座IQ最高第一名 处女,0,1,0.8389832970691059
详情咨询 15538297475,0,1,0.9252709656135513
猜中有奖哟 大容量定制U盘献上,0,1,0.8282594214531
本处急招打荷三名 水台一名 煲仔一名 头荷一名 价格面淡,1,0,0.33391956861554195
滨湖区每月成交数量最多 均价最高,0,1,0.8679881529208815
深圳永联数控设备有限公司 为打造高性价比电脑弹簧机为根本 同三洋电机 NSK NTN轴承公司为签约供应商 卓力打造万能弹簧机 压簧机等,1,0,0.3940849055391052
五蜈蚣标止咳丸每颗成份有 五倍子415克,0,1,0.793793798038648
还有脑细胞 动脉壁 心瓣等,0,1,0.6032968249027769
快递小哥想侵吞7000余元货款,0,1,0.6383804563013165
名牌依思Q講師陳烈仲強奸侄媳也強奸依思Q學生,0,1,0.6557884220529939
无奈之下x名农民工为讨薪爬上公司四楼楼顶意欲 跳楼,0,1,0.7714733046843155
制作方是专出精品的A社alter,0,1,0.714746662094667
x万设计公司 济南实创装饰设计师 闫全保风格 新中式xx平三室两厅新房整体装修价格区间 x,0,1,0.8370319351989707
你好 我叫彩霞 來自安微 身高一米六x 体重xxx 胸围xx 因为家里困难 想请哥帮我一下 希望哥哥能像帮助其他女孩子一样帮助我 万分,1,0,0.09182493923665334
x月xx日赣州全市共计成交面积为xxxxx,0,1,0.7488207621663496
xxxx年x月在北京中山音乐堂举办,0,1,0.6938895013016079
img中国高尔夫球员团队祝大家圣诞快乐,0,1,0.6496858875815806
真题 模拟题卷一几大科目等小绿本到货了就开始背,0,1,0.8352996701899631
10086给我发短信说我有两万的积分,0,1,0.8441787956484517
我在宝象金融送你888元红包,0,1,0.5875484772938093
子修理屋顶 等到需要钱再去融 那就麻烦了 如何设计企业多元化融资品种 巧借內 外资本建立自己的融资渠道 尽在x月xx xx 企业资本落地 海龙诚邀,1,0,0.07700417445871154
啤酒帽 xxxxxxUP主 草莓牛奶战士原地址,0,1,0.6796717019937014
姓的拥戴 猴 第二十期 道在人为意思是指事情要靠人去做的 在一定的条件下 事情能否做成要看人的主观努力如何 犹言事在人为 猪 二十一期,1,0,0.008760046158395584
我正在玩最豪华 刺激 美女如云的手机老虎机游戏老虎转转转 推荐你也一起来玩 输入我的推荐码xxxxxxxxx免费赠送x万金币 帮下忙,1,0,0.3195356494077166
365地产家居网常州讯现在兰陵锦轩已经是准现房在售中,0,1,0.518687818132254
今晚开 xx 买了 xx xx xx xx 中五元 以为不准 输到怕怕 不够胆买 上网看资料 三肖连准 下期买双 三肖 牛 虎 马,1,0,0.30111546437734465
x月xx日xx时xx分至xx时xx分,0,1,0.710242764083068
愿花400英镑一双代价的顾客大有人在,0,1,0.911555650682931
金阊区广济南路xxx号新苏天地购物中心Bx楼店面不是很大,0,1,0.8255954679470812
北京市建筑装饰协会秋季北京诚信服务家装义务咨询会,0,1,0.5931886606881744
Sennheiser森海塞尔UrbaniteXL包耳式耳机特价 149,0,1,0.9615776348363266
专家发话人均居住面积xx平米起征,0,1,0.8049934098800832
新年好推荐一四川靓女 身材皮肤都很好很漂亮 双乳又大又挺十分诱人 有空联系,1,0,0.23533241646015476
接到xxxxxxxxxxx自称华政教育的女的电话,0,1,0.571157856943149
家具是从宜家到kogarahx号或x号上午,0,1,0.7015570585156078
嫌去奥门太麻烦 那就来xxxxxx,1,0,0.30931639204091016
Lego乐高建筑系列xxxxx大本钟特价 xx,0,1,0.8722258291450127
嘉华兽药追溯解决方案助企业完美追溯,0,1,0.5603389911097113
巨龙东革阿里胶囊将免费赠送一瓶食用,0,1,0.6476070796612566
fancl专柜有需要得来专柜都按x,0,1,0.9408630523939011
上海東方錦鯉 拍 卖 x月xx日 周日 上海市東方錦鲤 百条上拍錦鲤 见www dfkoi com欣,1,0,0.47638119721480054
洗面奶 洗发露 护发素 沐浴露 毛巾,0,1,0.6161693654702447
地址 浙江温州市龙港镇东城路711号,0,1,0.5943844889414175
易通贷理财师特来支招 快速致富的五个投资理财观念,0,1,0.7239307137886164
分享专业国际投资创造新价值和收益,0,1,0.5014411617834194
140路57780車居然有空調不開,0,1,0.5444972180261721
恭喜angelababy出演女一号,0,1,0.604927976288306
你好 杏林万科那一家公司需要一个做饭的阿姨 不包住 工资xxxx 一xxxx 月 要求成实会做莱及爱卫生 我是厦门每天家政 有意者请回,1,0,0.4988537156484124
泰州天仁人力资源微信号 tztianrenxxxxxxx回复 AK有礼www,0,1,0.7917392474364555
广州的小蛮腰和最贵的楼盘窗外景,0,1,0.5759131441796121
联系电话 xxxxxxxx转人事部,0,1,0.9366578931752184
有xx项民生实事提前或超额完成,0,1,0.7928034245258364
西都本色 大家好 xxxx年夏季订货正在火热进行中,1,0,0.498218248349573
试比较 Theteachergatheredthepupilsabouther,0,1,0.5078313046321101
下载宜人贷理财得到现金红包x,0,1,0.7038952439591495
附近,1,0,0.2013924092661486
欢迎加入犬夜叉微吧语C考核扣群号码156950779我们期待你的加入,0,1,0.7860983410760575
北京市人民法院通知 郑怀俊 您好 中国好歌曲栏目组 把您的起诉文件书传来本法院起诉您故意破坏本次活动的名誉 本院核对是您个人填写的信,1,0,0.2655358480650318
MOCOll黄金甲系列3D曲面PET膜,0,1,0.6110518461849729
过了明天xx年的大年算是圆满结束了 名匠装饰小裴再次给您拜个年 愿您的生活越来越好 眼下马上就是装修旺季的xxx了 公司也准备了十分,1,0,0.456175183748683
荣耀推出 99元获赠三套民国风主题服饰写真照片,0,1,0.5192326631188166
xxxx年中日节能交流培训首站在中北节能大厦举办,0,1,0.6488986279672346
大时代来临,0,1,0.8168599343794357
pa gong ha wang wu 等等,0,1,0.5469813001366037
我上海贝思诺广告公司拥有多元化的户外广告资源 特别是黄金人流的外滩有三十多条船和灯箱 码头资源 另有市各区域广告大牌 道旗等 欢迎新老,1,0,0.4176263136608317
InformaticaFastClone可将任意大小的Oracle表卸载到便携式平面文本文件 指定的管道,0,1,0.9148764146122715
make upforever双用水粉霜,0,1,0.6980500897811892
主要分为两大系列 BIKEWEAR骑行系列和RUNNI,0,1,0.5249722199930469
扫描下方二维码有惊喜噢,0,1,0.7919962895823098
我正在玩最豪华 刺激 美女如云的手机老虎机游戏xG老虎转转转 推荐你也一起来玩 输入我的推荐码xxxxxxxxx免费赠送x万金币,1,0,0.42386706329815366
x月x日哈齐间高铁开通时不我待,0,1,0.5504159987959869
买电脑修电脑监控安装到博达 政府斜对过新华书店西行xx米 王康xxxxxxxxxxx,1,0,0.12328511868304277
com中奖的小伙伴直接在我们官方微信回复您的手机号和有效邮寄地址,0,1,0.5901591597495335
输入我的推荐人代码 44tq44 就可以获得超值魔幻卡,0,1,0.6482164188739287
xxxxxxxxxxxK歌就在嗨歌纯K,1,0,0.26277891358344474
准备进军台湾日抛有兴趣可以先咨询舒丽康加美帝康,0,1,0.6535387826460448
双林招钳工x名 工作经验x年以上 能独立开模 基本工资xxxx左右 加班费另算 有宿舍 提供工作餐 有认识的帮介绍一下 谢谢,1,0,0.3938925965678394
jE zkweb org p x bbcxxxxxxxsx xxxxxxxxxxx您的软件版本过低 点击升级到xxxx版恢复部分功能,1,0,0.4776231236178731
哥哥您好 我是一个来自湖南山区的女孩 身高xxx 身材奸细 现于武汉理工大学大一学生 由于家庭困难 从小父母离异各自从新组织了家庭 一,1,0,0.06041882151821885
价微信 yp2015yy诚信经营,0,1,0.6620672454579785
安的真言 远离灾难的福音 却被中共以莫须有的罪名绑架 判刑 这引起了国内外正义人士的聚焦和关注 最大的焦点是纷纷落马的内幕 都有一个共,1,0,0.006067485578193446
一台人人都可以申请的手机POS机信用卡额度不够,0,1,0.5360502680943081
每月25日是我工行信用卡的还款日,0,1,0.5526401486186405
文具袋xxx个以及大量的本子 彩笔等教育教学用品,0,1,0.8025717876392539
网络预约VIP咨询请添加图中微信,0,1,0.8752198525741927
佳能低头消费者撤诉部分dc更换或升级,0,1,0.5879372945739093
e代驾亿万红包新客享,0,1,0.69006928518322
微信了解更多护肤品最新咨询森森不怕你们的骚扰哦,0,1,0.7434948530258381
招商晶公馆麦德龙临街旺铺仅余3个黄金席位,0,1,0.8241571534032062
珺佳人才网紧急招聘职位嘉定社区论坛快速导航,0,1,0.6981483474990019
实为敛财的 寺庙佛 要好得多,0,1,0.5254616198403745
赢取AppleWatch 飞机票 中国大学MOOC周边等百万豪礼,0,1,0.7160064558829541
CCTVx在放苏州园林QuQ美美美美美,0,1,0.5033597248677576
新 服装模特 叫王婉璐 已经抵达 xx年 xxx的身高 雪白 身形绝对棒 乖巧听话 微笑待人,1,0,0.4861871185624509
由成都八益家具集团投资的贸易公司正式开业,0,1,0.5977441381123203
xxxxxxxxxxx南通的新号码,0,1,0.6401160779633167
全国免费咨询热线 4006886208,0,1,0.9392384804317009
法轮大法好 真善忍好 你可以试试看,1,0,0.31568483002961956
大病医疗互助补充保险的待遇有效期同基本医疗保险待遇有效期一致,0,1,0.5402253733863692
青浦美培亚电子厂长期临时工 女会xx个英文字母xx xx岁 工人xx元每小时 上班xx小时 吃工作一餐 加班没有吃 不扣吃饭时间 或补,1,0,0.16463177739584853
新品dreamcon甜心系列韩国dreamcon公司为暑假的到来设计了很多自然清新自然款式,0,1,0.5170449160495878
婕芙魔力泥美丽顾问走x套,0,1,0.9096767673128424
目前湖人还有xxxW的薪金空间,0,1,0.6024007714782263
您好 我是腾博网络科技有限公司的小潘 刚才给您电话 我们公司主要业务包括网站建设 微信公众账号开发 百度推广等 动画宣传片等等 公司地,1,0,0.4234504151845064
2011年01月07日05时许,0,1,0.6558268668035079
在中国拿的货折扣好的低的xx 以上是假货不要和韩国发的正品比较价格折扣,0,1,0.5359733051331407
1873年为迎接世博会改造为迎宾馆,0,1,0.5263335029862782
原价618元灯塔号情侣大床主题房,0,1,0.8908150879018687
向你推荐一件 ixls 的V店的极品好货,0,1,0.568150314202696
河南诚信货物运输服务中心 驻昆明办事处 主发 河南 河北 北京 陕西 湖南 湖北 及全国各地 联系人 项高峰 手机 xxxxxxxxxxx,1,0,0.4623517409470564
静安区昌平路延平路出来一套总高xx楼的xx楼的正朝南两房xxx万各付哦 我觉得很不错因为去看过 所以推荐给您 o 小单,1,0,0.29481614898638053
发发发发发发四七判死有码出 一九在前八来开 买吃草的生效 兰绿xx xx七字 三四左右请看清,1,0,0.4982916467320824
开通xxxxxxx热线欢迎届时收听和参与,0,1,0.9768446512820262
com u xxxxxxxxxx甲 小赵,0,1,0.9052870797505019
君山富硒浓缩六味地黄丸订购电话xxxxxxxxxxx,0,1,0.8869002782554619
xxxx年中国新声代第三季学员,0,1,0.6955051486852165
奔驰xs店与华苏别克xs店之间的路上,0,1,0.8326616655003006
x草甘膦xxxx行情点评大趋势下跌,0,1,0.5863882828340401
医学护肤品值得信赖 绝对正品支持验货,0,1,0.7900005563142667
化工产业链总图石油化工 国家垄断基础化工 两高一资农用化工 政策主导化纤 出口导向特种化工,0,1,0.5592935323518184
一x岁男孩即将从x米高阳台坠下时,0,1,0.5586863971385883
造型防晒空调房度假女神必备款,0,1,0.5755038206412562
我马上回上海了 需要处女的 可以咨询我了,1,0,0.4317578151237788
爱心茶水摊 活动从x月xx日开始,0,1,0.7967589559301343
笔记本电脑更换PS4原装硬盘,0,1,0.5811644050905909
武汉GoodTime别墅桌游聚会吧群号,0,1,0.6979377839485249
就有机会获得xxx元亚马逊礼品卡x张,0,1,0.7416645578476976
还好有亲爱的Bromeo鼎力相助,0,1,0.9092751201664956
上海舍广建筑材料有限公司主营 无机预涂板 隧道装饰板 医用洁净板 纤维水泥板 硅酸钙板等装饰材料,0,1,0.9345079374569037
交运集团温馨校车举行照管员服务质量技能大比拼,0,1,0.5353012011227102
印字母Logo背心算是最常见的背心款了,0,1,0.5613224936972194
隆重纪念中国收费公路xxxx年亏损xxxx,0,1,0.7855717513166203
提拉修饰臀部大腿线条贴身舒适,0,1,0.8273195868646676
国瑞出品,1,0,0.5
我正在玩最豪华 刺激 美女如云的手机老虎机游戏老虎转转转 推荐你也一起来玩 输入我的推荐码xxxxxxxxx免费赠送x万金币,1,0,0.33577553825572604
二环线发遍大道这楼盘一万二值不值,0,1,0.5154609665700115
还包括2016考研政治大纲即将新增的考点,0,1,0.5917084505083462
另外想咨询您一下未来五年的事业运,0,1,0.5331279351101966
Elysium开发商史无前例半价出售xx套公寓,0,1,0.9751732883171009
随后将于xxxx年正式上市销售,0,1,0.7726064498345445
HectorRodriguez的邀请出任教学助理,0,1,0.6192912399966566
错判与间接杀人过失杀人有多大区别,0,1,0.5197617141324619
海量3000元购车红包等你领取,0,1,0.5543675391138508
日本芳珂无添加产品 FANCL蓝莓护眼精华片 含高浓度的蓝莓精华,0,1,0.5319111599595786
久坐提醒 有减肥意向同志的最佳选择,0,1,0.6957564666707128
设计师将电视机柜纳入侧向立柜,0,1,0.5956176521548229
x周岁到不满xx周岁儿童的票价是成人全票价的xx,0,1,0.6206251792058983
提供商贸物流 机械制造和生产销售等方面的岗位852个,0,1,0.5692130350020624
去往重庆k689 张家界k1885 成都1485 韩城的k609 6045次有余票,0,1,0.573503563903405
今天上午最后一门课程ACCESS考试,0,1,0.5969480684163787
首开轰炸机空袭 火炮支援全新玩法,0,1,0.5978319431761508
xxxx星海艺术培训中心考生全线报捷,0,1,0.7883286310245808
奉献爱心传递温暖 中华少年儿童慈善救助基金会 吾心为爱 项目组,0,1,0.5209859609742009
当天共计xx余人参加了本次活动,0,1,0.7198578491043982
朋友们新年好 我这里要家常菜师傅一个 xxxx xxxx有休息 有无线网 老店工资稳定 不拖欠 还要个凉菜小弟勤快点的不会的也可以,1,0,0.20875490750402978
中 央 军 部 高级 领 导的 秘密会议,0,1,0.5965865738246448
Haier小型全自动波轮洗衣机,0,1,0.7989778814006271
占地10441尺 971平米,0,1,0.8940156656191189
抽查了宁波 金华两地xx家企业的xx批次防盗保险柜产品,0,1,0.5295931650760389
海文考研超级规划课程北京站开课啦 x x号本周六在北京交通大学由中国顶级考研辅导专家梁伟伟主讲 全面解析xx年考研考试与录取重要改革政策 公共课考试指导 专业课考试指导等等 现场还有抽奖活动 小米pad 手机 代金券 只要你足够幸运 通通都是你的 机不可失失不再来 距离考研只有x个月的时间了 伙伴们都赶紧行动起来 ps 梁老师讲课幽默风趣 很多同学反响都不错 绝对不会让你失望 燕理 周六上午x xx南门准时发车 预约电话 xxxxxxxxxxx,1,0,0.41771415618926416
您是否意识到我们正处在一个特殊历史时期 赤匪亡天欲变 咱们只要废除 把命献给它 的宣誓就能得到上天的保佑 请回复化名前面的数字即可,1,0,0.05966469873306535
持绑定的62开头的银联卡至南京天海潮大酒店刷卡消费,0,1,0.7721837723897049
需填写邀请码 TRF4O0RN,0,1,0.758568762942524
爱国农资 提醒广大农民朋友 随着气温的逐步回升 麦田杂草密度显著增加 而这些杂草与小麦相互争夺营养 水分和光照 会对小麦的生长及产量造成严重影响 麦田除草正当时 请选用青岛瀚生牌 穗悦 消抗型 来防治麦田杂草 咨询电话 xxxxxxxxxxx,1,0,0.025016994808003033
详见 xxxx年征期日历,0,1,0.6935952653047576
今日嘉宾 今日嘉宾 VR创客联盟发起人 武汉创客娱乐科技创始人彭津,0,1,0.5670754331968805
亚马逊服饰鞋包结账输入xxFORFALL可享额外x折参与品牌包括LACOSTE CalvinKlein SteveMadden ecco等大家熟悉的品牌都有,0,1,0.7437003938970699
你初中高中电脑课学咩毛线的,0,1,0.7510292953988092
CP1蛋白质营养针剂护发膜韩国美发沙龙专用,0,1,0.6491811418095599
有色金属或触底反弹超跌反弹牛股全收罗,0,1,0.6542781206146647
全球征集2500对新人与城同庆,0,1,0.8303585766464823
需要的微我17710238662,0,1,0.5575214611019937
比爱猫的多了xx 外向xx 随和以及xx 责任心,0,1,0.5068977223361023
公司节日特惠 嫒佳妇科凝胶排褶皱垃圾 预防或修复炎症 滋阴养巢促进夫妻生活和谐做润滑使用 干涩 瘙痒 白带异常 异味 炎症 糜烂 小肚子胀气 男士生殖异味涂抹 疱疹涂抹 感染发炎涂抹使用 脸上痘痘 内痔 脚气 手气 轻度烫伤 烂嘴角 一支见效 详情电话xxxxxxxxxxx微信YXHZPGSXHT 私密洁护乳 私密洁净消炎杀菌 洗浴使用酒槽鼻消炎修复 面部洁护驱除螨虫 痘痘 痤疮 有特效,1,0,0.4808399610576128
世界因女人而美丽,1,0,0.42883858427009963
T111 K2185 K2186 T112 Z85 Z86 T137 T138次,0,1,0.7166960144728096
升官动物钥匙扣精美貔貅摆件可定制,0,1,0.8734482358126121
穿鞋生肖是马 其他谈不上 他做答案是香港脚 是指六合彩白小姐脚 那个小姐不穿高根鞋 穿半裙 穿胸罩像小姐样吗 我定重肖 你看什么肖我要,1,0,0.041947211984667214
昆山亭林路xxx号娜尔思专卖,0,1,0.5523243283012657
现在下载登陆可领取x元支付宝红包,0,1,0.5629036648205442
我六肖连准六期今晚不知错如否 鸡羊狗鼠马猴作参考吧,1,0,0.14997619383814398
无抵押无担保信用贷款正规公司前期无任何费用,0,1,0.9957452084508304
赶快抓住机会加入VIVA众筹吧,0,1,0.7569864416452046
中国亡 是天象 时不远 瘟疫降 亡身祸 怎避防 快三退 生有望 时不长 恶党亡 保己命 快退党 中,1,0,0.3821520236397625
有兴趣加扣3261839840,0,1,0.7136433604266815
FruitoftheLoom男式纯棉内裤 x件 x,0,1,0.9361095322204006
航空母舰 齐柏林号战列舰 俾斯麦号,0,1,0.9107716754042399
宝宝需要额外补充电解水吗,0,1,0.6587387316006733
可以适当买大一号码 戴安芬的内衣,0,1,0.9259440126390808
温州市区云天楼 米兰国际大酒店旁,0,1,0.8317656531593809
吕氏米业,1,0,0.5
g微利时代 应收账款却吞噬着您企业的利润 x月xx,1,0,0.3155536725697313
不如并肩翡玑诚邀 共铸微商经典,0,1,0.8204836008571831
東方錦鲤,1,0,0.5
说好的轻功满医术满好感满就能救回二师兄呢,0,1,0.7882898246622039
普 通扑 克分析仪 随心所欲 不要练习 可玩宝子,1,0,0.3899618362280292
数钱数不赢 飞镖大赛 投篮大赛,1,0,0.13375546002246994
头有腰带 佛珠 衣服扣 表 壁画 饮水机等 xxxx赌必赢神器 普通扑克分析仪 共百余种产品 免费试验不好用管换 有局包赢 反赌总部,1,0,0.36700913930867973
紫色 黄色 GUCCi波士顿桶包全美丽永无止境秋冬怎能少了一抹绚丽的色彩,0,1,0.8026400348821598
美女做的水光针 baby肌 美白针,0,1,0.7112054649119581
昆山建伟续保好礼大派送再不来就晚啦,0,1,0.8114401172514414
专柜地址 常熟百盛1F化妆品区,0,1,0.9267748026491085
泽东是极端恐怖组织的魔鬼王 为什么苏联斯大林扶植毛泽东 为什么苏联斯大林支援毛泽东 为什么毛泽东是苏联斯大林的傀儡和走狗,1,0,0.011703567267096284
为xxxx年竣工的圣保禄大教堂的前壁,0,1,0.548112375889261
只为一堵墙同小区业主大动 干戈,0,1,0.6184958647164294
三缺一找人赌博女人何其多,0,1,0.8556229832899309
X2提供最強四大平台全方位的遊戲點數增值服務,0,1,0.721611046682161
最新,1,0,0.3638303956213073
定位于Lifestyle休闲鞋款,0,1,0.6742929738218336
感谢阁下致电中国家政百强企业安子新家政 xx年来为数万个家庭提供经过专业培训的居家保姆 育婴师 月嫂 老人病人陪护 五常家政师,1,0,0.39485847695888115
swisse胶原蛋白液 只要你符合以下几点任意三点,0,1,0.6134245263528749
常熟零基础韩国语培训学校火爆开班中,0,1,0.7324263628521549
展览将于xxxx年x月x日 xxxx年xx月xx日对公众开放,0,1,0.5670501065711069
睁眼看手机告诉我物流正在派送中,0,1,0.5344037076745244
招募精英 恭信资产管理有限公司目前在上海已有x家分公司,1,0,0.37515564680884267
总体介绍 石家庄飞机制造公司始建于1970年,0,1,0.5692099268903569
你想开着宝马Xx西藏自驾游吗 你想去日本看樱花吗 你想拥有xxxx风靡全球的超音刀吗 报名电话xxxxxxxxxxx 贝斯特付琼,1,0,0.11456112176550487
xxxx年x月x日至x月xx日,0,1,0.9710051365200202
lv樱花粉钱包xxxxx 税汇率xx代,0,1,0.6490734779929023
今夜缪斯酒吧芝华士骑士之夜 愿做她骑士的你还在等待什么 是骑士的联系我吧 让你今夜成为她的王 今晚凡事点了芝华士的具有礼品赠送 台位不,1,0,0.16236938088266256
联系电话13588875643,0,1,0.8839323546605062
北京中科院专利透皮贴 特色疗法 中科院学术团队 优势大空间足 招聘地总要求有团队 有资源 电话xxxxxxxxxxx xxxxxxxxxxx,1,0,0.312437331912023
两天追完美剧24hours第九季棒棒棒,0,1,0.7080970819454059
我叫蒋欣 今年xx 就读于西华大学 净身高xxxcm 体重xxkg 皮肤白嫩 长身材火辣 我知道付出才有回报 所以在希望哥哥给予我帮助,1,0,0.029903949343576014
加群243529110还有更多惊喜,0,1,0.9013834178230639
华夏铁路學校受铁路局委托在石搂招xx位初高 中生 颁发大中 专正书 安排铁路工作 签合同上保险xxxxxxOxxxx,1,0,0.22383839909706038
台州移动 正常做xxxx左右 认真做xxxx左右 努力做xxxx左右 往死里做x万以上 台州移动销售部面向社会公开招聘业务代理人,1,0,0.29722200897747536
请联系清心xxxxxxxxxxx,0,1,0.9868803450401911
斑点的瓷砖设计是最大的亮点,0,1,0.6263148497742748
xx日第二期新品中国人民解放军总医院xxx出品,0,1,0.9761852915213709
兰芝和大眼潮牌Playnomore首次跨界合作的限量套机会难得,0,1,0.9543133579178008
瓷砖一拖现怪味如何挑选是关键,0,1,0.712932582286356
岑生13536974149非诚勿扰,0,1,0.8555098611306777
最xin普通簰分析yi操作简单不限地方 适合五张x公dui子等 痳 將百变王一摸即变 長沙啊德x xx xxxx xxxx,1,0,0.4970134988392368
为您解读选购传祺GA5REV的十大理由,0,1,0.6738788346627442
胜客欢乐餐厅推出伦敦风情主题生日party 仿若身处在世界知名的旅游之都 亲手做披萨 与其他小朋友一起了解西餐礼仪 让你的生日聚会充满,1,0,0.1368500109230353
xxxxxxxxxxxxxxxxxx,1,0,0.5
海天一色可终究抵不过骄阳如火,0,1,0.8104245077260895
為愁網費向前輩k氏討教 技藝 后偷來部分前輩腰帶街頭擺攤販賣,0,1,0.5813235845305941
摄影课堂 餐饮课堂 金融中心 游戏体验区 还有各种萌宝可以玩耍的母婴专区,0,1,0.7168643675356295
呼吁建湖再开几家大型零售购物中心,0,1,0.8389955819199695
有Swift开发经验优先,0,1,0.5487968881232943
PERSONT POINT,1,0,0.5
要咨询的亲可以先去商场了解下,0,1,0.5419651246556986
让钱包君胖起来 现在注册理财最高可获得15000元体验金,0,1,0.5744207278359597
就是告诉你个好消息 年前我们一起看的那个房子现在在搞活动 特价xx平两室户xx万了 xx平两室户xx万了 今天售楼处一天就买了xx套特,1,0,0.4298703705136518
一场关于服饰行业的商业模式 企业经营 人才 业绩 营销的盛会 将在x月x x日在杭州桐庐召开 你来吗 更可以带着你企业现所面临的问题 现场有机会与各领域技术老师交谈解惑 报名回复 A 即可索取报名表,1,0,0.24102068654780961
常州港城网络科技有限公司,0,1,0.7894144930211928
房天下昆明租房网提醒房东朋友们,0,1,0.837380981156058
开始了,1,0,0.3772989465089708
共xx名农民工xxxxxx元工资,0,1,0.8688143741188958
联系电话 133681XXXX,0,1,0.8839323546605062
再线性感靓妹 薄采遊戏等 項目多,1,0,0.25305999620393815
在楼市 x xx新政 降准降息等一系列利好催化下,0,1,0.8449273803487438
本店8月推出 买家秀送红包 回馈活动,0,1,0.8526199091026974
政府部门被迫支付xx万元 救助费,0,1,0.5404031620310422
住院病人请咨询医生或专业,0,1,0.6569763871744273
FashionShop服装店设计参考,0,1,0.6855500282910254
具体办法可以致电xxxxxxxxxxxx或登陆相关网站查询哦,0,1,0.8245751328395077
RAVx最高xxxx元补贴 置换成功还有好礼相送,0,1,0.991733205863163
中国人寿保险延安分公司星期六上班,0,1,0.6567947306538523
xxxx冉冉老师xxxx年x月新娘的试妆照,0,1,0.8244361706321275
的认可 作文不会写 找易说 数学底子差 找易说 英语没兴趣 找易说 易说教育为您孩子提高分数 抢报热线 xxxxxxxx或xxxxx,1,0,0.2676024229189441
首期推出市场销售的商铺的位置是目前坂田片区最好的 唯一的xx年产权商铺 沿着一楼商铺 有x个出入口设置 每个商铺的展示面及进入性都非常,1,0,0.3492032348146822
好消息 国色新来好多 俄罗斯 乌克兰 留学生 新人 加我微信 xxxx,1,0,0.41728263076412336
开展 金融自治村 现金分期 贷款模式推介活动,0,1,0.6874173346234759
x万元 聚财宝 能量超乎你想象 日计息 月复利 一年滚复十二次 三代人可以受益的账户 还在考虑中的客户动作要快点 平安小梅,1,0,0.36213490880233756
大家拼邮也划算 亿万人口碑王,0,1,0.5861156523967215
新店特惠宜兴原矿紫砂壶国家级工艺美术员紫泥石瓢300c,0,1,0.7634631174668224
KingStyle是一件合身四角裤,0,1,0.7796811884316022
输入我的推荐人代码 44tmpt 就可以获得超值魔幻卡,0,1,0.6482164188739287
xg天然太阳石手链月光石手链橙月光 太阳石手链 现xx元起拍每次出价不得低于xx,0,1,0.5560852677581202
木兰公馆首创YBY法则 前天晚上木兰公馆创造了YBY法则,0,1,0.6709375205345243
注 盂县大汖温泉养生旅游区水质独特,0,1,0.6659862901093699
获取房产信息的渠道有地产商活动宣传,0,1,0.5475668533103475
CLIFE香肌玉体的使命是告诉所有的顾客,0,1,0.5748766200204508
xx年 职 称 英 语 权 威 操 作,1,0,0.4147500963127361
每年的施工面积均在xxx万平方米,0,1,0.6576647391865602
白手起家就靠这一次啦 上www xxxxxx com 就可获得京喜 小伙伴们都惊呆了 xxxx注定让你不平凡,1,0,0.2839965241072488
1936年納粹德國舉辦奧運會金牌第一,0,1,0.7117779130914355
您好 今晚 红 菠 稳 请下两千 明天表示xxx元下祺继续 谁蒙谁 绝 子 xxx xxxxxxxx刘先生 保留信息,1,0,0.36968063379671734
沪宁城际全天计划开行217列动车组,0,1,0.5729551899728098
C罗 穆里尼奥等足坛大腕齐聚波尔图,0,1,0.6007023272717069
新汇嘉在培训员工电梯应急措施,0,1,0.7178063349465613
奉贤中粮怡庭小区现场施工随拍哈恭喜开工大吉,0,1,0.9132595084262487
副局长醉驾肇事县政府拨133万垫付,0,1,0.763320642485977
号外号外 南京整形医院整形活动火爆预约中了,0,1,0.6641181692911089
今夜生活怎么办 风云际会转一转 开心应酬把酒灌 美女能抱又能看 虽然不能入洞房 常来总能哄上床 叶子等你喔,1,0,0.022025962123884482
x 黑芝麻 健美 乌发 美容 抗衰老,0,1,0.9142473388797393
歌萨德,1,0,0.5
x月商品房成交面积xx万平方米,0,1,0.728920273320834
该项目全线运营车辆x节编组xx列共计xxx辆车,0,1,0.5993224111912979
融旅游观光 休闲娱乐 度假疗养为一体的好去处,0,1,0.6966232113009797
最高xx本月四图维新昨收xx,0,1,0.9365847208867435
概述 项目新建x栋高层建筑和x栋多层建筑,0,1,0.8260826384327166
你好 你接听过我的电话 党干的坏事太多太多了 它会招来灾难的 你看现在灾祸 社会问题真是太多了 高官也纷纷落马 这就是天在灭它 人们已经认清了这一点 都在退出它的组织 不和它沾光 我用益新这名字帮你把党组织 团和少先队退出了 好吧 祝福你们全家,1,0,0.00819304119674871
无锡三国城丶水浒城一日游,0,1,0.5263218974081904
再有精美的misschen盒子,0,1,0.9493984588867673
绝对良心价冒着生命危险捉的 大兵 大兵放在身边三月现人形,0,1,0.5081546043605186
我在氧气听书收听 大清情事xxx,0,1,0.5149889444904465
x 步花间男万用红古 绛珠 原价xxx外景一次xxx包邮出x 步花间男万用白古 水龙吟 原价xxx外景一次xxx包邮出x 最不卖萌白绿幼年花千骨原价xxx游场一次外景一次xxx包邮出,0,1,0.906863604638331
另借由金融保险行业为诸多实业提供资金及相应保障,0,1,0.505538185369861
可以撸xxxx元需要大家有推,0,1,0.8106154473666336
肪 而且是减掉内脏脂肪 让脏器器官功能修复正常才对 这样才能是营养 健康 苗条 漂亮 雪莲女子减肥欢迎您的光临 美丽热线 xxxxxx,1,0,0.35488957829692863
合适的价格出几台魅族note2移动电信,0,1,0.6213172515054444
收缴炸药2904公斤 雷管6088枚 烟花561箱,0,1,0.7690471883837476
中国的消费金融市场正展现出前所未有的活力,0,1,0.6481622520099495
工作轻松联系电话1520606060215206060609,0,1,0.7448695253208532
微商第一聚拢品牌Finelycup,0,1,0.6608093234453353
随州哪有改灯的小朱汽车灯光升级,0,1,0.5557563347182196
东莞虎门博仕医院 招聘 护士 前台客服 联系人 何主任xxxxxxxxxxx,1,0,0.4740490200803707
你好哥哥 新年快乐 我叫诗诗 在重庆上学 家里出了点事故 现在我上学困难 希望哥哥能帮助我 好吗,1,0,0.2579095898477447
新商城预计会于xxxx年x月xx日正式开业,0,1,0.8590942316772425
Gohealthy公司的产品保证纯天然,0,1,0.8459132117515569
xxxx年 朋友本命年的庆生,0,1,0.6910865183336987
深圳市房地产行业协会专业指导委员会委员,0,1,0.5137196116714048
山东省潍坊滨海欢乐海沙滩举办了一场别开生面的泥浆节活动,0,1,0.5400603098303747
福乐居饺子人家,1,0,0.4962431969506675
距xxxx年司法考试只剩xx天,0,1,0.5966663376400961
原价xxxx现折价xxx不议价,0,1,0.9772907130377414
小编为大家介绍几点法律常识,0,1,0.5025199543862203
有一座宏大的建筑物恤 紫色格子衬衫 深蓝,0,1,0.5865966060331209
還是xxxx年x月的杭州同學聚會,0,1,0.7577931257400243
重要通知 辽宁省实验中学与美国x所百强大学联合招生 通过选拔考试可转入省实验国际部学习 未来直升美国大二 xxx xxxxxxxx 闫老师,1,0,0.3297999620273772
针对脂肪型脸型 提升脂肪酶活性,0,1,0.5899962599806678
龙腾工程机械,1,0,0.5
居女性恶性肿瘤死亡率的首位,0,1,0.7849643563193369
xx天xxxx游越南x个城市,0,1,0.6880284831240046
你好 买电脑优惠 闵行七宝老街青年路xxx号 当代电脑欢迎你来挑选 公交或地铁x号线七宝站下车走x分钟,1,0,0.3880801314457304
x月xx日远通明华斯柯达x周年千人团购会还剩六天,0,1,0.8999380725559747
总店地址 江阴市延陵路丽都城市花园锦绣庄园55号,0,1,0.9774508748034297
做个他一样的号码 能知道他的一切往来 看到微信Q Q聊天讯息 详 xxxxxxxxxxx您事业和情场的好帮手,1,0,0.1267655658343539
广益游泳健身会所位于泰兴公园西门原鼎盛集团内,0,1,0.5694180171392806
我发了一张图片给你 点击 cn xkSHzmxmAmx 看看吧,1,0,0.2415662134496709
银行保本理财产品真假难辨,0,1,0.9673597792053142
本轮融资中还有数亿美元的剩余额度,0,1,0.6306621910033259
拥有274个客户联络中心为160多个市场提供服务并可提供75种以上的语,0,1,0.5193193884460846
重孩子的学习和未来 尤其是平时学习成绩不够理想的学生 积极报名参加 下周一正式开始 联系电话xxxxxxxxxxx,1,0,0.23155476781451306
周六五人小聚 没有一丝丝防备,0,1,0.5001532086176543
受邀参加阿里巴巴99大促动员大会,0,1,0.6604435082524786
向你推荐一件店铺xxxxxxxxxxxxx的极品好货,0,1,0.7510990170460901
妆容美片培训商业修图喜欢我的风格想学商业修图的可以联系我短期驻店培训联系电话xxxxxxxxxxxqq 微信xxxxxxxxx,0,1,0.570221357207802
婚纱照咨询电话85218077,0,1,0.9392994406926035
特举办xxxx年度南大街街道商业街区 商务楼宇 优秀物业服务员 的评选活动,0,1,0.5536350169069547
新年好 作为专业的电力附件人员 我们为您提供的是电力附件行业合理的服务和优性价的产品 是我们的责任和义务 你好专业从事防污闪涂料喷涂工程 铁塔加固 涮防腐 硅象胶增爬伞裙施工 代售防污闪涂料和硅象胶伞裙 本施工队队员具有多年的登高工作经验 登高证均有 可以就业一切登高方面工作 联系人小贾 xxxxxxxxxxx,1,0,0.4295687722601764
快来参加yesHEis的有奖活动,0,1,0.8312566958031813
华夏人寿保险公司的业务员私吞保费,0,1,0.8549585538104859
还有廖记棒棒鸡团购是xx带xx元,0,1,0.9393249777171385
拉菲斯汀xxxx潮流女包新款牛皮欧美时尚单肩包手提包斜挎包糖果包xxxxxx,0,1,0.6875831136434157
店铺恶意退款升级到x个了需求帮助,0,1,0.6842756285661009
山药x克黄芪x克五味子x克白灼x克山楂x克茯苓x克赤芍x克白术x克甘草x克丹参x克沙棘x克菊花xx克以上xx味中草药加水x斤熬剩x,0,1,0.7988582177990737
迫乂害法 轮 功学 员遭恶报案例不断 这是群体 灭绝罪 反 人类罪 审判即将来临 自首坦白 弃暗投明 举报他人罪恶 争取立功赎罪是唯一出路,1,0,0.0010505223249804338
进门无玄关 厨房空间过于狭小 露台如何合理利用 是否能扩建 一切解答尽在xxxx中国别墅设计展 预约顾问 徐凯xxxxxxxxxxx,1,0,0.2929209382017738
喜讯 随着中国平安综合金融在山西的全面实施 而且晋城中心支公司在xxxx年也顺利超额达成总公司年度指标 并获得总公司xxxx年 综合金融经理人 计划 并招聘多个岗位 看你身边是否有寻找或者更换工作者 尽请推荐 招聘电话 xxxxxxxxxxx,1,0,0.10515833853253204
你好 上新货啦 连衣裙 真丝上衣 衬衣 丅恤都非常不错 颜色都很漂亮哦 有时间可以过来看看 地址 茂名北路xxx弄x号C C近南京西路,1,0,0.3145291876137442
女生节已来到 自x x x xx日 和闺密分享乐培美国互惠项目,1,0,0.19273785628086962
马虎本期旺 出蛇看一五 看平马问老人 二七二八中虎蛇 不三不四来叫好 羊家去羊家肖中 买兔鸡问头牛,1,0,0.3666133728952116
保护伞公司 OurBusinessisLifeItself,0,1,0.6841488430914135
加原城市水疗 小阳微信 mmxdxxxx 有图有真相 天天有更新,1,0,0.14936330811332715
了解品牌详情可以登录官网 www,0,1,0.8192895543624662
哥哥 您好 打扰你一下 我叫骆琳 今年xx岁 才从学校辍学出来的 因为家里困难 实在没有办法了 所以想请哥哥帮助我一下 我会好好报答你,1,0,0.012537010903115738
班花坐不住了掏出手机 干爹降息x,0,1,0.8661222054825478
还在为找工作 升职而烦恼吗 专业办理 真实入网学历 资格书 档案全,1,0,0.3579985827554926
强化对党员干部的反腐倡廉教育,0,1,0.6036033975734844
瑞士国家金融机构不顾拜年信誉,0,1,0.8724512212849119
实体现货姐妹帮OHUI欧蕙第一干细胞面霜小样,0,1,0.5381533927879237
笔记本电脑送不停 雨过蝉鸣,0,1,0.7931371527823664
各类Cosplay社团等同台竞技,0,1,0.7274843669784627
似是故人来 NBDL明星队x,0,1,0.7055650832583997
邮寄的鲍瑞鑫xxxxxxxxxxxxxxxxxx,1,0,0.26051473631979855
墙面乳胶漆谎报面积多收钱等,0,1,0.7371604102662139
购买防晒套盒立即送你漂漂的防晒衣 需要来私聊哦,0,1,0.7462192452790413
内衣即便是实体店铺也不给退换的,0,1,0.5465699461620881
不会演讲,1,0,0.06220024150699191
xxxx年就读于直隶法政专科学校,0,1,0.6935952653047576
阿里巴巴聚优聚美内衣行诚招代理,0,1,0.8706476716818431
xxxx年xx月xx日夏日炎炎,0,1,0.8988738312741563
xx 天秤座今日运势,0,1,0.6080926652310299
设计专注于各种物件的摆放与协调,0,1,0.5256466103216301
北京人民法院通知 您x月xx日与 淘宝网 签约一份电子领奖合同协议 目前淘宝网已经向本院起诉要求您赔偿违约金xx到xx万元 根据 经,1,0,0.46790570015082755
xxxx年x月x日牛股推荐 岳阳林纸xxxxxx和金山开发xxxxxx,0,1,0.9149038832411464
泰康人寿深受客户喜爱的 畅x一赢人生 是子女教育 养老规划的蓄水池 交满就领钱到xx 岁的年金分紅保险 因国家养老保险并轨 央行利,1,0,0.26221621941347834
xD版popdanthology,0,1,0.9312866749333356
太仓新健牌正品花样跳绳细珠节短跳绳专业跳绳训练减,0,1,0.7891044017137908
京东集团xx亿投资永辉超市持股xx 名店网,0,1,0.6357011557303739
mikioutletx折后再xx折xx汇率只有xxcmxxx 国际国内,0,1,0.910709096309143
报名时间 xxxx年x月xx日至x月xx日工作日时间,0,1,0.9816641466880879
我是内蒙古风声传媒张志学 今天我们公司已经正常上班 主要做企业宣传片 广告片 微电影 企业文化建设 企业宣传册 有需要请您及时联系我,1,0,0.23063991258050157
中宁枸杞 自家种植欢迎订购,0,1,0.5695155553185973
可半年付出租 和翔花园3楼套房,0,1,0.5334631130786942
我公司位于泉山区火花村卧牛矿工人村房产一处,0,1,0.603264105278845
专业车间设计 改造相关技术服务 还有最新研发 引进国外技术的快退式输送设备 请与我们联系 公司网址 shkecan xxxx com,1,0,0.42700958434831937
着手采购设备装修店面布置格局 八月,0,1,0.792928366174182
包括面积约859 的精装样板房,0,1,0.9359963087488404
周庄的水道有的可以直接通到宅院,0,1,0.5739097754540683
电话13596033154谢谢,0,1,0.9477445730297357
好消息 携手中国人寿 与您共创辉煌 您给我三个月 我改变您一生 您想月薪xxxx还是xxxxx 或者更高 xxxx年中国人寿金牌经理人 国寿店长培养计划进行中 招募xx xx岁 高中以上学历 勤奋好学积极进取人士 新的一年 如果您想改变自己的现状 改变自己的未来或您身边有想改变工作的朋友请联系我 中国人寿公司彭燕飞 xxxxxxxxxxx,1,0,0.43156196634918353
立即打电话给六合区文物部门,0,1,0.5135103629709008
常州老粗布店主家搞促销活动送我们家的夏黑葡萄,0,1,0.6316302649645992
我是孟军 我朋友在保险公司上班 有办保险的 车险到期的 找我帮你办 保证让你省钱xx 我朋友的保险公司发的提成都给咱们拿回来 呵呵,1,0,0.32598499491333394
紧急通知 由于我国进入降息通道 低利率时代来临 我公司在高利率环境下推出的 最好的一款交费xx年 第二年就领钱 一直领到xx周岁 而且,1,0,0.35821224354472814
电子商务服务公司 公司目前与味千拉面 花肌粹 xe 优尊母婴等企业提供全套电子商务解决方案 并与阿里巴巴 天猫 唯品会 乐蜂网 京东,1,0,0.28803785120582737
Poloxamerxxx武汉新大地环保材料有限,0,1,0.9383569027992127
老牌央企招商地产或许将不复存在,0,1,0.5706325081719649
与去年同期455件相比上升54,0,1,0.6812496614112754
丰田的混合动力车 Aqua 高居榜首,0,1,0.67272418817041
苏州工业园区的住房公积金额度紧张,0,1,0.7348142199447085
湖南衡阳 招聘 诚招一名效果图员,0,1,0.7140475142749301
公司是一家综合性电子商务公司 年销售额过亿 主营类目是家饰类目 是家饰类目的TOPx企业 这个是我们的店铺 您可以先看看了解一下 h,1,0,0.39278576990340797
地址 苏州高新区金狮大厦103,0,1,0.9273363523451689
相约波碧水在上海静安别墅区,0,1,0.732311730292346
省著名,1,0,0.14072210702341859
中华孝道园 太湖游船 特色孝道讲座 太湖湾水蜜桃采摘一日游,0,1,0.685421959488555
xxxx年第二季度 吉林好人 评选活动落下帷幕,0,1,0.719712540997053
快来看车车 许昌县欧纳伯工艺品有限公司,0,1,0.6147732391523201
本周末SHOPPERS有积点换物活动,0,1,0.9463406774216236
每科xx元预科班 基础学习班 强化提高班 习题精讲班 专题班 答疑班名师面对面 冲刺串讲班 价值真题班 模考班 考前五天提示班 VIP模拟试卷,0,1,0.9849219092665954
诚招代理无门槛一件发货本店商品一律可批发 零售 团购,0,1,0.9944677948298455
你公考把 好司虑公三 合跟司七 在作我消分 股 合息成 市你作告 不可 诉小 跟以我你 xxxxxxxxxxx小孙,1,0,0.09679929201066308
我的微信咨询糖的朋友们可以加我,0,1,0.6291426173986342
该部获得 最佳理财师孵化奖,0,1,0.5633452238418313
减肥 运动怕累 节食受罪 手术呢 风险又太高 为什么不试着 好身材穿出来呢 女人幸福的缔造者 莱特妮丝将会帮到您 现x x女人节将至,1,0,0.37423387399312774
泱波摄中国古代女性所用黄金头冠,0,1,0.6288178053361588
学在平时,1,0,0.31551629003243975
xx 震动后也跳水跌幅超x 神创跌幅已超x,0,1,0.5510148020153423
二级拳师 MFT BODYCOMBAT 复体操 健美操,0,1,0.5532510143346601
哥哥 你好 我是秦月 xx岁 在双流指南针学校读书 家里条件不好 想给家里减清负担 知道哥哥是好人 所以想请哥哥帮助我 等待哥哥的来电,1,0,0.1610667851811838
我正在玩最豪华 刺激 美女如云的手机老虎机游戏老虎转转转 推荐你也一起来玩 输入我的推荐码xxxxxxxxx免费赠送x万金币,1,0,0.33577553825572604
感谢青岛与连云港市的消防官兵们,0,1,0.5424825795992954
3xx零售剩余尺码SML,0,1,0.7551417374217004
A3日供69元 Q3日供77元 A4L日供99元 A6L日供119开回家,0,1,0.7222305534078934
周一带一队大一新生到华为参观,0,1,0.5064169439709328
祝所有不诚信的卖家快快倒闭,0,1,0.864340071594611
xxxxxxxxxxxxxxxxx,1,0,0.5
潮州企业180名外贸精英参加了活动,0,1,0.5223655189017723
早上好我是大白熊你的私人逗比顾问,0,1,0.5757429799593472
持卡更可在美国Premium Tanger奥特莱斯服务中心免费领取贵宾折扣手册,0,1,0.9501983997875486
品牌為秋冬新品賦予MagnificientKingdom的主題,0,1,0.9597030615890556
元武道 医术 种植 还有理发,0,1,0.6936219671884167
Swisse液体胶原xxxml,0,1,0.5955266031886153
徐州市三环北路工程自x月xx日启动桩基施工以来,0,1,0.6794511218626857
代理价550元最强平板现货首发,0,1,0.6613339037050895
卡发x个月工资xxxx元以上,0,1,0.8400277476340142
到时候可以直接checkout,0,1,0.5392452404325219
历史演大戏,1,0,0.11359537814372407
详情请咨询无锡飞亚4S店82111858,0,1,0.6086975324560682
项目类型 平层商业空间 住,0,1,0.5691689270335029
20150617美淘Sierratradingpost,0,1,0.7097338513116589
扬州香格里拉大酒店任性送您数万元彩礼,0,1,0.8571270772761638
爆款推荐唯美家实拍欧洲站xxxx夏装新款欧美印花棉麻九分裤休闲套装时尚套装xxxx,0,1,0.6533966990573508
x月xx日 新生 希望 支,0,1,0.879907847749348
马明福 您好 爸爸去哪儿把您一份违约资料传来本院 通过互联网公证处和检察院核实确实是您个人资料 请您在x个小时内与本院联系解除协议,1,0,0.24221484645462457
上OlympusAcademy的讨论课,0,1,0.5418933801193673
本店长期招聘火疗师3000十提成,0,1,0.6022734197379161
有原装钢带成色xx新无附件原价xxxxx,0,1,0.971224496793073
广州天河区有家 Q果乐超市 11元起送,0,1,0.6700811423587465
xxxx年x月济南商品房共计成交xxxxx套,0,1,0.6154558259056713
由信息时报联合e房网举办的 幸福来敲门首届e房家装展览会 成功举办,0,1,0.663897668046963
苏州工业园区精密设备搬运公司,0,1,0.5710054796771283
提供参观上海ibmsutdio的机会,0,1,0.7110458666175251
新款半杯U型聚拢上托黑色条纹女士文胸套装芒果杯欧美收副乳内衣,0,1,0.6957743605443093
VC风险投资投资前期,0,1,0.5284106373093995
x月x日北大国学客座教授 中国奇门遁甲文化研究院院长,1,0,0.1449870449859207
x月防晒月 今天你防晒了吗 香港维嘉斯 优白防晒乳 智能防晒 xxx度防晒 水记忆防晒 原价xxx元一支 现在买一支送一支 防晒套,1,0,0.4197236990262785
妹纸们可以对照购买S M L,0,1,0.7752096901584544
没人性 地点丰县大圆球路南,0,1,0.6640579281857889
广东省海丰县附近镇剑虹肉菜市场 元丸正宗马鲛丸 吕成佳 xxxxxxxxxxx,1,0,0.37420253677622384
手机紫图天猫下单有惊喜哦,0,1,0.8039470768844719
小鬼当佳潍坊最高端儿童摄影,1,0,0.2930478184093711
联系电话18729787660,0,1,0.8839323546605062
您好 经理 我们公司专业做百度优化关键词 先做后付费 可以把母线槽优化到百度第一页 不到首页不收钱 做到首页按月收费,1,0,0.13186487181366233
今日特惠2盒液体乳钙限时大促67,0,1,0.8737574745717258
湖南中信装饰是一家专业从事高端办公室装修和别墅项目设计一体化工装服务商 为有志于工装领域发展的优秀人士提供良好的发展平台 湖南中信,1,0,0.1387568161744394
六年如一日 xx年帮助xxx人复核成功 xx年研究生,1,0,0.18291792858237416
冬去春来 貸神出场,1,0,0.5
白手起家就靠这一次啦 上xxxxxx com就可获得靖喜 小伙伴们都惊呆了 xxxx注定让你与众不同,1,0,0.21584371049300496
空有一套好方案翻开国军饮食史,0,1,0.7712199094582558
如MFA 平面设计 建筑设计等,0,1,0.7709215257119629
三张机票花了xxx元保险赔了xxx元,0,1,0.703527618955411
这双KateSpade猫猫黑皮鞋好可爱 原价 268折后 187,0,1,0.6253794701996359
Ashima进口金属爆裂纹牛皮,0,1,0.7341077742952752
昆山东北土特产店主营 天然养滋补产品系列 养生酒系列 吉知蓝系列 糖果系列 果汁系列等东北土特产,0,1,0.5798140384748188
峰度天下自持的峰度 峰雲街整合两点于一身,0,1,0.5589816767553966
电话 02750779385 02750779386,0,1,0.9036531083642929
置换优质的投资标的收益会更高,0,1,0.8444357938871425
火车站附近招炉子一名 五千左右 xxxxxxxxxxx黄,1,0,0.4960423470502635
GooglePlay一大波游戏打折中,0,1,0.7115111144724685
国民政府军事委员会致八路军 新四军嘉奖 嘉勉电,0,1,0.7379751931181964
电话13401575627臧经理要求非黑户,0,1,0.6112847287389168
有各种lxO票OlOxlxxx 据,1,0,0.3487354360255762
DroneBase公司能为客户提供无人机拍照和摄像服务,0,1,0.6179408559175835
最xin普通簰分析yi操作简单不限地方 适合五张三工dui子等 普通嘛蒋百变王一摸即变 x xx xxxx xxxx,1,0,0.4446072891054945
一位零售xxxx件 拥有两家童装店的女老板,0,1,0.556674473622912
最xin普通簰分析yi操作简单不限地方 适合五张三工dui子等 普通嘛蒋百变王一摸即变 电话xxxxxxxxxxx,1,0,0.4483493057357917
杭州性价比最高装修服务平台,0,1,0.7346747068273023
推荐女性加好友就有红包发呦,0,1,0.5762871011734143
欢迎添加雨文微信janice820707,0,1,0.7612516854969267
BURBERRY原厂货源格纹麻布配牛皮个性胸包,0,1,0.6322568187176119
在中国人民解放军建军88周年即将来临之际,0,1,0.953101007174856
农村扶贫小额保险标准每人由31000元提高到36000元,0,1,0.6479784108070816
x月x日酱油一壶铁木真x xx xx第xx名完成第xxx个全程马拉松,0,1,0.6161858867656859
新的后保险杠集成硕大的扩散器,0,1,0.5735810683125363
电话咨询不久前刚装过家的几位友人,0,1,0.9050131548723304
购物中心 百货商场人流稀少 每况愈下,0,1,0.5220077432038315
为 法 法 迫了 徒 轮 害世 冒 大 正人 着 法 信明 生 是 罪真 命 正 业相 讲 法 大,1,0,0.16254612446546468
吉人听福音 善良有福报 朋友 今天您听到这电话,1,0,0.13935082459539994
盐城市金鹰购物中心的拓荒牛,0,1,0.594069339365994
北京法院 爸爸去哪儿 起诉您 杨医生 领奖合同违约扰乱抽奖活动,1,0,0.3903420240833757
置换购车最高享8000元现金补贴,0,1,0.991652860584905
输入我的推荐人代码 44ufn6 就可以获得超值魔幻卡,0,1,0.6482164188739287
南通德立五星经销商 体验大众up,0,1,0.5679149068807634
我在深圳代办驾驶证年审与转迁的地方体检的 体检 照相 迁入深圳 年审一条龙搞定 一百块钱 就在体育馆里面 xxx路公交车 体育馆站台下,1,0,0.370183535281228
一份炒粉一碗清浦凉两串烤豆腐干一个烤茄子,0,1,0.6085275494856608
哥哥你好 我叫姜梦琪 来自新疆 上海美术学院油画系 还差点学费所以求助于哥哥帮我 我很漂亮 全身皮肤白嫩 xx岁 清纯可人有韩国美女范,1,0,0.21009277394313836
xx后自由职业者 吉青英讲师 乐活一族 家庭生活顾问,0,1,0.5991178787202651
数学教师 我校侨城部现急需招聘初中语文,0,1,0.774826795952316
地下暗挖车站站厅顶部xxxx多平方米面积的大型洞体壁画揭开面纱,0,1,0.8146880993125682
美白提亮一步到位一瓶可用半年好划算,0,1,0.7519885832969749
一般只会取以 XX牛肉面 的店面,0,1,0.6330391290256974
历朝历代有预言 圣经也讲大审判 恶e党红e朝将落幕 善恶必报要兑现 暴e力起家根子邪 天e灭中e共在眼前 只愿好人得平安 退e党团,1,0,0.1819479480400038
手机号为xxxxxxxxxxx,0,1,0.7715904571525334
x 西安小北门环城公园内惊现x,0,1,0.7879122956284416
原价6804 7128 7452 7776,0,1,0.9454940730980957
无蔗糖型 糖尿病朋友的福音,0,1,0.6482839040068092
做鲁能泰山永远都xx人抓紧报名参加,0,1,0.6605480689750899
感谢ANGLE 粑粑 麻麻的支持与认同,0,1,0.7673349705950073
史上最全信用卡账单分期手续费PK,0,1,0.769557816358086
详细投资内容见官网 www,0,1,0.5079168077277473
咨询电话 18609684430,0,1,0.9392994406926035
以便随时查询任何想要的EMC中文文档,0,1,0.5971309942040822
用电信手机,1,0,0.2796488295725612
千汇装饰告诉您找装,0,1,0.9749719319120317
com旋风九日附下载地址,0,1,0.6487248659609209
每晚35ML玻尿酸原液深层滋养,0,1,0.5857641767511647
转地铁接驳线10A到锦绣生态园,0,1,0.5509620104845283
影片将于xxxx年x月xx日在中国大陆上映,0,1,0.5791649634142055
我为家乡古建筑代言和平古镇,0,1,0.5007152247650508
易宏鞋业主要从事阿里巴巴女鞋批发支持一件代发有需要的可以进店看看店铺地址,0,1,0.9543816705072757
知名导演曝丑闻 有老板包食宿只为 认识 刘涛,0,1,0.5427309459759345
你好吗大哥 我们重新开业了 还是以前的 Fu务 贰个 小时 不管你多少次 大量 新 鲜 水果挑 你懂的 xxx xxxx xxxx小林,1,0,0.30472558588771403
输入我的推荐人代码 44tkwe 就可以获得超值魔幻卡,0,1,0.6482164188739287
技术交底开工前需要到物业办理装修许可等手续,0,1,0.7979315827561602
Contravention 违章,0,1,0.5857511275161837
您好 我是北京森德清账公司的小王 北京森德清账有限公司成立以来 已为国内多家企业和个人成功办理各种债务 公司坚持以正义 务实 灵活 文明的工作标准 通过合法手段合理捍卫客户的每一分利益 公司聚集八方才俊 拥有一支由各具专业技能又机智干练的优秀人才 组成的经营管理团队 并聘有专业的商账追收师和商账方面优秀的谈判专家 以及专职的法律顾问 能够为客户提供满意的结果 联系电话xxx xxxxxxxx 纪磊 xxxxxxxxxxx xxxxxxxxxxx,1,0,0.3108039234560104
卖电话资源 专业提供各类金融电话信息资源 股票 白银 原油等客 讲信誉 重质量 绝不发重复资源给下一客户 重长期合作 资源信息包括地,1,0,0.20519758675979669
发送x到xxxxxxxxxx兑换xx元,0,1,0.9700781388941543
POPFANS会员到商铺消费收集POPSTARS积分,0,1,0.9821729088455806
目前全市约1168万基本医疗保险参保人均可享受大病门诊待遇,0,1,0.5188120290346182
13658503411备注 成人分期只限贵阳,0,1,0.9303241621157695
信和支付宝大打红包大战 烧钱无数 为什么 xxxx年网络发展趋势如何 传统企业与网络如何结合 才能借助网络做更轻松 更有尊严的生意 央视财经评论员 电子商务专家 单仁资讯集团董事长单仁博士将于xxxx年x月x日亲临东莞市南城区广彩城酒店 为您带来 传统企业网络高效转型的战略关键 大型讲座 敬请光临 因席位十分有限 欢迎您提前预约席位 xxxx xxxx xxxx 单仁资讯,1,0,0.12605715169310702
xxxx年x月xx日常州雪佛兰水蜜桃采摘圆满结束了,0,1,0.8811712112133404
出去潇洒出去玩 就到温州国贸 男人天堂男人世界 轻松热线xxxxxxxxxxx国贸阿兵,1,0,0.42933253474260386
纽约 伦敦T台秀场潮流色彩,1,0,0.39990737074856664
想要出游的朋友请提前咨询预定,0,1,0.9178673209437506
参观南京大屠杀纪念馆有感,0,1,0.6852034213657565
今后再也不用麻烦去懊 门了 永 利 高 堵 场,1,0,0.26020567800085204
中药面膜规格 面膜泥100ml 药粉10g,0,1,0.6654035917053768
新西兰a2奶粉专门为婴幼儿而设计的特殊配方奶粉,0,1,0.5061960147058256
陶桂松1920年开设陶桂记营造厂,0,1,0.8439861094361667
哥哥你好 我叫骆琳 今年xx岁 因为家里困难而辍学 而我家里现在急需用钱 我又才出来 真的没有办法了 才想请您帮助我一下 我会非常感谢,1,0,0.011812831670800805
认证代理等业务,1,0,0.3839032926456366
目前已承接黄河水3015万立方米,0,1,0.6956288674173967
长子爱德华八古典建筑的典范,0,1,0.8625323698414334
恭喜 你的手机号已被湖南卫视 爸爸去哪儿 评为今日二等奖 将获xx x万和笔记本 逾期不再受理 验证码 xxxx 登录bbzw cc速,1,0,0.18787545435255543
中赢财富集团 金芝麻 专业从事大型房地产企业投融资业务 为企业搭建自己的投融资平台 让企业实现自我造血 并且快速合法低成本融资 解决房企五证不全如何销售等问题 韩文云xxxxxxxxxxx,1,0,0.18463102775716211
wei信 Xbengbeng,0,1,0.8377045665148242
企业职工月工资低于xxxx元的,0,1,0.7588851943149482
华夏铁路學校受铁路局委托在神池招xx位初髙中生 颁发大中专正书 安排铁路工作 签合同上保险xxxxxxxxxxx中国移动手机,1,0,0.24068352762274348
王某到来后商定了400元的价格,0,1,0.8138876320720377
时代造就精英,0,1,0.5766983414422714
价格 xxx面料 弹力棉颜色 白,0,1,0.5753989953637638
xxx的两张xx区x排位置非常好非诚勿扰,0,1,0.5837359300864632
晶科能源获中科招商保理提供的五个亿的额度授信,0,1,0.7086430598551892
来自我县各地的xxx余名残疾人朋友前来就诊,0,1,0.7168334394006742
com各位学员 大家好,0,1,0.8658637203475532
无论是即将推出的广告交易系统,0,1,0.6648848444135421
江苏周庄举办 水乡田园 美丽周庄 研讨会 双城记 周庄对话威尼斯 等系列活动,0,1,0.5604428657331221
成都双流国际机场急聘 空乘 安检 票务 值机和贵宾厅VIP接待员 xx岁 xx岁 大专以上文凭 女身高xxxmm 男xxxmm 五险一,1,0,0.3397966781140956
一等奖是免单大奖 邀请卡是有限额的,0,1,0.861671904702693
联帮投資向你推荐xxxx年投资最大利好消息 高频交易 投資小 回报率高 速度快 联帮投资欢迎前来投资咨詢,1,0,0.29866400138741966
需要学生play老板的不二之选,0,1,0.7346446431171773
新加坡政府非常欢迎优秀学生来就读,0,1,0.768033008267713
买个新车没专段号牌 上个乡下牌又不爽 现在开始本人带上贵安新区车牌 不限制户口 联系电话xxxxxxxxxxx王洋 只要是朋友圈的盆友,1,0,0.3380396556979583
浙江江山邮储银行xxxx万存款失踪职员当掮客,0,1,0.7247166313861465
说客英语苏州地区 体验中心才开业,0,1,0.7952656218253187
专门介绍4500多吨重的移动服务塔的撤离流程,0,1,0.5034138713738993
京交管局解读单双号限行电动车不受限,0,1,0.6022580048079513
一起为凡凡捡节操 转自爱豆APP,0,1,0.7590149237795555
科学足道,1,0,0.4071218511924229
诚念法轮大法好 生命因此有福报 人心分好坏 善者得救度 恶人遭淘汰 有缘信真相 福报自天来,1,0,0.007501676676036645
华晨汽车携旗下金杯大海狮囚车 全新阁瑞斯警务车等车型震撼登场,0,1,0.6312965937531072
了 还在为如何挣更多的钱没有合适的渠道而烦恼么 建议考虑一下xxxx最火理财投资产品 石油投资 不了解 不相信 没关系 丽能首届金,1,0,0.05016340439867648
今天赚很多有兴趣可以咨询非诚勿扰,0,1,0.7425567341433381
男女不限经验不限工作轻松无压力待遇优厚包吃包住话补交补国内免费旅游等,0,1,0.7214822329495771
去杠杆升级部分场外配资公司提醒客户限期清仓股票,0,1,0.5282936285975643
投资十万可以享受双赢国际四楼终生的使用权,0,1,0.8843395363839921
在上海南京路73号开设SanzettiStudio照相馆,0,1,0.8985248408616762
我们有刷单接待培训外宣以及打字员,0,1,0.6111230647165506
it sskin伊思红参蜗牛爽肤水乳140ml,0,1,0.5628963646052833
给xxxx中考的学困生最后一次机会 名师联盟最后一期针对xx中中考生的全托 全日制 辅导x月中旬开课 在哪里辅导都没效 那是你没有找我们 在这里自己不久就会发现成绩提升了 而且还会提高 第一步有好的学习习惯 第二步补齐知识盲区 第三步使知识系统化在脑海中构建起学科知识框架并能做常规题 第四步做中考题 第一步还没解决的 即不想学的孩子不收 因为来不及啦 武xxxxxxxxxxx,1,0,0.27076531576232926
恭喜您 您已被 爸爸去哪儿 第二季场外QQ抽獎环节抽为幸運用戶 您将获得栏目组送出iPhinex一部请登陆活动,1,0,0.4654127417036703
价格在xx万开上哦 GRS证书,0,1,0.5613491982248361
到xxx路 xx路 Kx路 xx路,0,1,0.7367208560740633
我 xxx期精版个十位 人虽小 排名大 提示 双进双出 送你一句话 身怀绝技扬四方,1,0,0.28010376089653205
项目涵盖了住宅 商业 公寓 酒店 写字楼于一体的综合体物业,0,1,0.5593892478442265
x点半在万达x号门对面的老董家米线店,0,1,0.8899540189788443
小号 9900 大号 11900,0,1,0.7870363693917878
本招聘长期有效 招聘三星级酒店定点兼职服务员 传菜员 xx一小时保底x xx小时 工资周结 要求 黑皮鞋 黑裤子 黑袜子 如果没有三黑,1,0,0.38165414009279025
StussyWomen释出了xxxx秋冬造型目录,0,1,0.7240556342762384
新购入kindlepaper,0,1,0.7133873162507988
您好 疼痛技术新方法结合实践在河南鄭州中医骨病医院学x天 x月Ix日报到 详情内容 世中儗难病专业会 IxxIxxOxxxx高佬師,1,0,0.4401560869229605
开启了 华硕电脑特惠月 活动,0,1,0.7481606989082347
不买对不起自己 选车顾问,0,1,0.5676090565574187
博迪教育让孩子学会感恩 增强自信 培养动力,1,0,0.4558233663626021
光伏发电板宜宾公司宜宾市新京象商贸公司代理商,0,1,0.8294019225254856
水果新鲜包邮批发特产时令新鲜青岛西瓜同城配送秒杀特价大田瓜,0,1,0.8636231636734027
公司急聘应届毕业实习生数名 热线服务工程师x名 推荐成功者公司将按 人才推荐奖励办法 给予xxx元 人的奖励 请各位同事踊跃推荐,1,0,0.11795244568348025
黄金专业回收 苏州佛阳子每到年末,0,1,0.7010281935880159
买手机买单反买水买乳液买面膜买衣服买鞋子买裙子买零食,0,1,0.5429734710073773
xx 以上的时间呈现净空头的局面,0,1,0.5618444216280185
上海环球金融中心xx层到xx层有柏悦酒店,0,1,0.7796525859169634
您好 我是跟您通电话的BV的李小姐 主要负责化学方面的测试 BV在广州 东莞 深圳 香港 台湾均有大型实验室 以后有测试 可以跟我联系,1,0,0.431284827753071
项目紧邻占地xxxx亩的念坛公园,0,1,0.770644518889472
司各特 伯格凭借大量一手资料,0,1,0.6417983051505093
我们有雾霾我们有粉尘我们有紫外线我们有汽车尾气对了,0,1,0.5046077764769799
等于穿衣服洗澡哦柠檬排毒祛黄亮白按摩霜按摩膏推荐,0,1,0.5448748707957659
河北副厅长日均受贿x万从未存银行只为静静欣赏,0,1,0.9144282789589885
联系电话xxxxxxxxxxx,0,1,0.9795705106042745
澳门科技同学可抓紧ANU硕士阶段争取交换其它国家,0,1,0.6317980883171372
刚刚我向闺蜜电话咨询青岛景点,0,1,0.6991083110281787
全新nikerosherun男款,0,1,0.5978319431761508
大红鹰娱乐城 xxxxx com注册送xx元彩金 建议您注册的时候避开公共网络 以免出现IP地址重复 洀漀洀漀,1,0,0.3699601193132593
做个他一样的号码 可了解他的一切往来 看到微信Q Q聊天讯息 对方不会发现 詢 xxxxxxxxxxx,1,0,0.02300433597371588
整套激励性薪酬机制呢 长松咨询x月xx xx日 企业系统建设咨询会 上海站与您详解,1,0,0.491924537218025
天津伊势丹南京路店xF为您奉上,0,1,0.6894634710277736
第七关由大丰市美容美发一号店亲情赞助,0,1,0.9642412509560082
預算xxx pw或xxx pcm全包,0,1,0.9558305824638645
HTC日前开始了 夏季清仓大甩卖,0,1,0.7920971155827495
这个周末为了庆祝装修告一段落,0,1,0.7770421423946616
绝对不可以错过的夏日PAPTY,0,1,0.5966922754230346
沛县富华交通运输设备有限公司,0,1,0.5517133929442445
包含x月x xx号九寨沟汽车线价格 九寨沟飞机团报价,0,1,0.5280056353388533
Hi我都买齐了理我一下,0,1,0.5531434028403086
不用投资一分钱一次宣传终身收益,0,1,0.5233001248688518
法轮大法好 真善人好,1,0,0.2198452560709938
输入我的邀请码85914417还有奖励哦,0,1,0.5427538286112115
降价让利的加油站数目随之不断增加,0,1,0.7224478945917735
更加舒适轻松 时尚达人最爱的破洞牛仔 宽松舒适的减压裤 还有修饰腿型的魔术瘦身裤都是最佳选择 打锡街阿玛施秀妹,1,0,0.48282504945038557
欢迎六和日白天及晚上咨询报班,0,1,0.560064994222185
L型的窗户设计让客厅可以180 采光,0,1,0.6065296017193905
操作步骤 登录工行手机银行 进入 分行特色 栏目 活动专区 进入 争当人气王 栏目 输入我的编码xxxxxx进行投票,0,1,0.6640694054472968
团队自转落地 企业真正需求 新高度 通过辅导的方式把企业的人带起来 无论领导是 否在公司 团队一样 自转 请电xxxxx xxxxxx,1,0,0.14975287549110194
PacificTrail女童防风夹克 带围巾原价 59,0,1,0.8646902677448959
自然主义至上的立陶宛松树林豪宅,0,1,0.8776186272389005
经营范围 网站建设优化 网络推广 网络信息科技 电子数码产品领域内的技术开发 企业管理咨询 投资咨询 商务咨询 市场信息咨询与调查 电,1,0,0.11126952979733627
欢迎致电淳安县金盾特种物品押运有限公司 公司下设机构 危险品押运 建筑消防检测 安全评估 咨询 安全生产管理顾问 物流基地 小微企业创,1,0,0.4277027259357408
输入我的推荐人代码 44um8j 就可以获得超值魔幻卡,0,1,0.6482164188739287
BIOREAQUARICH水感清爽防晒的新款产品,0,1,0.5488968940022392
工贸技工学校老师刘国华参加同学聚会,0,1,0.8747347015922022
F商务车 x xx座 风行 瑞风 我们的服务范围 旅游 会议 长途 婚庆 月包车 年包车 通勤事业单位包车优秀的驾驶员xx小时为你服,1,0,0.37989131221951017
INUF家用裝會推出一個感謝價,0,1,0.8773365255532173
如有意愿者可直接来此地点进行捐款,0,1,0.6680157956184879
创始人为FritzHenkel,0,1,0.5176866594907501
一期xxx多套现只剩xxx多套,0,1,0.8421293500151029
更将B级车的大气稳重全方位展现,0,1,0.5246642845694198
性感靓妹再线 薄采遊戏等 項目多 信譽第一,1,0,0.36269485749191704
微信 LmcxxxxL V入秋牛仔裙,0,1,0.5716165597569112
太仓市图书馆将精心挑选的280余册新书送至吴港边检,0,1,0.6011268876296018
NEOMETALLIC系列即将发售,0,1,0.8709486101436483
一 客厅不宜阴暗装修客厅风水首重光线充足,0,1,0.5380587011647796
成都自主品牌 斯诺玛妮 夏季连衣裙 台装 雪纺 纱裙 冬季羊绒大衣 高品质 低价位 零风险政策 夏季连衣裙部分区域选择共赢发展 祝大,1,0,0.44343150979040735
欢迎大家来咨询了解电车餐厅相关信息,0,1,0.5950193916889582
com精选男士NewBalance跑鞋热卖,0,1,0.7479322287610012
宁波牛奶集团还会在宁波国际会展中心x号馆展开加微信免费赢取麦Q酸奶活动,0,1,0.5702397643348794
使得香颂溪岸楼盘品质和增值潜力更上一层楼,0,1,0.8685518323830752
售价449欧元的GT4风格配件,0,1,0.6371609832762077
尊敬的客户 您好 您是否每天在为店铺没有人气 没有流量而发愁呢 您是否每天为了宝贝排名而郁闷呢 您是否每天为了爆款 却不知如何是好而无奈呢 您是否每天看着其他店家 排名优先 销量爆升而苦恼呢 亲 不要在苦恼啦 本工作室 全托 淘宝C店 天猫店 京东店 专业刷 爆款 销量 流量 等 全部真实交易记录 全国IP 不重复 有间隔 浏览时间到位 不需要 您动手的哦 注意是全托 每天刷完 会发表格给您核对发货 无需办理费 押金等等 安全 可靠 不降权 为您的店铺保驾护航 详情咨询QQ xxxxxxxxxx,1,0,0.17966460459067832
爱婴特精品小托班开始报名啦 爱婴特小托班 采用国际化教育 拥有最先进的教学理念 保证科学营养搭配 教育环境温馨 舒适 采用小班教学模式 只招收xx xx名宝宝 配备x名专业教师和一名营养师 爱婴特小托班为宝宝创造一个绿色 宽松 宽容的空间 以开放式的教育理念培养快乐 负责和富有创造性的宝宝 培养宝宝良好习惯 促进宝宝身心健康 开发宝宝智力潜能 完善宝宝人格,1,0,0.4264750926149445
925纯银项链 甜美银杏叶子套链 时尚百搭款式,0,1,0.8632015636079252
还有联想 华为 小米 HTC多款经典终端直降促销,0,1,0.6646545263012639
武汉合租房信息合租房 七一中学对面 求一位女生合租 拎包即住 房租包WIFI和煤气,1,0,0.24912762256600424
中号 宽xx 高xx 厚xxcm,0,1,0.8186245732123382
架设 世纪彩票 聚宝,0,1,0.5461982755859923
享有 南方北戴河 和 东方夏威夷 之称,0,1,0.7326968099688099
原创 丸美xx周年限量首发 x大无添加 好肤感 x担心 买防晒送x秒降温x度的肌肤灭火神器 冰沁修护泡芙精华露 有机会中 周大福价,1,0,0.4507116948200123
青青河边草大哥你可好 白天那么累晚上该消费 档次很到位消费也不贵 今晚桃花现等你来体验 大哥有空过来喝酒 花花x号ktv 阿波 期待您的捧场,1,0,0.4800618788479262
思埠集团雅顺滋养丝滑亮发洗护套盒近日即将震撼上市,0,1,0.5722965760939221
Jeep大切诺基天生低调实力派,0,1,0.5572585043789748
还有澳贝 伟易达 lala布书等,0,1,0.583859648977121
宁安法院政法干警 老带新 学习交流会,0,1,0.7267743740076538
海外购作者是AmazonMobileCN,0,1,0.643562109862817
你好 我是泸州的一名在校本科大学生 xx岁 男生 希望能够在学习之余做一些兼职工作 如果有合适的工作 可以面议 之前有过家教经历 可以,1,0,0.13131361629337515
支持WindowsHello,0,1,0.7401342826804284
三相声陈嘉丰韩帅规矩论,0,1,0.7221960716660429
陈 我公司的工程款是分期付款的,0,1,0.6810492624271304
家人否认释永信有妻女居委会证实真有其人,0,1,0.8174564785434507
ZVT所有Z都是蟑螂一波转双喷刺蛇,0,1,0.769789923952518
cn天津物流fujian56,0,1,0.6698684326943213
定位标准为零售价格约1500元上下的产品,0,1,0.5046906306346697
授课地点 北大南门资源楼西楼46号2309室,0,1,0.8708325234006361
信用卡纯白户可以做了 光大纯白及时办理 称口子没关几天的事 望及时办理 xxxxxxxxxxx xxxxxxx,1,0,0.4257745724043185
玩转太仓采摘季明信片发行 玫瑰庄园来了大家伙,0,1,0.7405139484867775
呲牙 呲牙 呲牙这个月月入过万的代理数一数二 钞票 钞票 钞票明天就是总结七月份的招聘冠军前五位,0,1,0.5375930290805848
加微信lovehoneybaby2015,0,1,0.7909630186542269
日代拼邮 新谷酵素加强版 碧柔水感防晒 池田模范堂小儿感冒药 资生堂六角眉笔 allie防晒 ipsa流金水,0,1,0.5248876465775519
悦诗风吟家xxxx限量节日版温泉碳酸系列套盒,0,1,0.9516683647291142
享有投资收益的权 责 利三权统一体,0,1,0.8003823385718712
xxxx年xx月xx日潮州朱泥壶金魄系列 始于宋 盛于明的紫砂壶,0,1,0.8642742430640051
咱们要咨询婚纱照七夕套餐活动吗,0,1,0.7871039110765565
丹阳酒厂 旦阳 牌榜上有名,0,1,0.8126948114343366
xxxx年xx月x日开国大典后,0,1,0.8313318284571336
将重达xxxx吨钢箱梁一次性成功顶推xx,0,1,0.7079475690248616
全欧疯抢Stellamccartney,0,1,0.7488432271880414
所以对我而言三千世界自此再无夏末,0,1,0.5148425247669232
每天忙碌于健身美容旅游事业,0,1,0.6395950169348518
会场交通 x xx xxx路至溪隐社区站往东xxx米,0,1,0.590723654286511
幸福蓝海国际影城仪征店x月xx日排片表,0,1,0.8106825683499609
MrGym体能训练工作室欢迎你,0,1,0.6273106506290869
往返的车费一个人才需150元,0,1,0.5826037735917653
上期主买龙三千鸡两千 只中鸡和其他肖没中特我倒输点 你上期有收也赚两三百呀 龙的地方已错几期下期还要跟 中的机会大 你最好明天就收,1,0,0.24268359429991293
又一家高大上精装修mageline轻奢高端护肤专卖店在浙江诸暨市黄金商场地段落成开业了,0,1,0.8791466080650662
感谢潮男黄总 感谢inlove王美女 周美女 杨美美三位大美女 感谢御婚礼小小美女的团队 也要感谢第二次合作的范冰冰御用化妆师杨老师,0,1,0.8625271343956392
华为公司x月下旬起携手农工商超市集团旗下的好德 可的便利店推出,0,1,0.743811854594905
招聘店面銷售員 高中以上学历,0,1,0.8207168084806871
我凭什么给你帮忙免费做设计,0,1,0.517602380521797
浙江农信明星大堂经理投票活动,0,1,0.5643931563399603
有赞微小店 很适合手机网购族哦,0,1,0.5487164245698347
xxxx年x月由五粮液酒厂兼并,0,1,0.5403531104973391
祝THEFIGHTINGBOYS成立两周年快乐,0,1,0.8710581668550333
含迪拜红色沙漠冲沙 八星皇宫美食订餐费 迪拜帆船美食订餐费 哈利法塔门票 亚特兰蒂斯美食订餐费,0,1,0.6921569436908831
襄阳爱尔眼科医院全院医护人员欢聚一堂,0,1,0.8443102749703761
在WV会员网站只订购旅游套餐 机票或酒店等,0,1,0.8411244017823042
医院职工可为子女免费申请此项目,0,1,0.6831125608052362
奢侈信息咨询wechatid,0,1,0.5863259452631561
美茹微信ZHH19871230小金花瘦脸面膜和其他瘦脸产品,0,1,0.7688539189962589
表审计 各类专项审计 资产评估 注册 代帐等 肖杰 xxxxxxxxxxx 永远在鹏城 永远做朋友,1,0,0.1994244977414203
夏季新款欧美街头高档女装牛仔扎染水洗渐变廓型蝙蝠袖薄款短外套,0,1,0.5216196579975992
如没有联系电话13116982902,0,1,0.6529861993797911
吴江吾越 吴中永旺 木渎天虹 平江万达 新光天地,0,1,0.8666257279495494
中国平安连续整合旗下业务或预示分拆上市提速科斯伍德投资设立电子商务公司打造印刷耗材综合销售平台,0,1,0.5301412678154287
工作地点广饶佳乐超市x楼卖数码产品,0,1,0.7667214451281122
术前手术要价xxx元术后xxxx多,0,1,0.5774136665612772
留意小数及小尾 马龙虎猴鼠狗 三期之内必开x x其,1,0,0.4614707710761082
广州的商铺行业更接近于资本主义,0,1,0.5456886427011156
福建漳州府诏安县铜山的谢光玉,0,1,0.5658920983113289
等待海边日出 微笑以及实践的正式开工 跳跳 跳跳Fighting,0,1,0.5372462381056737
可获得最高20000的IPOS,0,1,0.7664466461217528
最近好吗 有上好的茶叶 还是原来的味道 你懂的 xxxxxxxxxxx广 佛 常经理,1,0,0.18192441451021021
收纳架上与儿童房 书房的整体色彩达成呼应的惊喜,0,1,0.6244133491661394
东方锦鯉 上海 拍 卖 會 x月xx日,1,0,0.4882408731293294
人红是非多,0,1,0.5164481877013308
你看到的不是广告 是大把的钞票 经营xx年的阜阳知名装企 全国装修百强企业 同济装饰 这次活动的优惠力度 空前绝后 错过这次 下,1,0,0.3409617162631311
北京市中级人民法院通知您 您与浙江卫视 奔跑吧兄弟 提交了一份领奖协议书 没有按照领奖合同去领取您的奖项照成您是违约用户 浙江卫视 奔,1,0,0.28271696356487575
紧凑的床头柜设计以及衣柜位置,0,1,0.584596915852804
GooglePlayDoraemon哆啦A夢修理工場都幾好玩,0,1,0.5958115205280304
杭州史陶比尔 太仓琥珀 优尼泰克等公司的采购朋友们,0,1,0.6311466640165512
uv平板打印机 任何材质都可以打印 直接喷墨打印 无需制版出菲林 无需套色 李先生 xxxxxxxxxxx,1,0,0.2734561890526845
夜黑风高 坐标 北京IC咖啡FIDO联盟北京站活动如约发起,0,1,0.5714459956876632
重要通知 请今天晚上过了元宵节不知道去哪玩得朋友们注意啦 皇后酒吧给你饭后得精彩 有神秘得韩国团队等着你 抢台热线xxxxxxxxxxx,1,0,0.1195621459596136
x 温热橄榄油浸泡双手防止出现倒刺,0,1,0.9312866749333356
泗阳开元名都大酒店周末自助餐来啦,0,1,0.8430086689500043
选择置业顾问会直接影响到将来是否能买到一套满意的好房,0,1,0.5995572873769978
目前从事高端女子spa美容行业,0,1,0.6056169330014628
是武昌理工学院商学院投资1201班学生,0,1,0.5878771558167311
地址 江汉路悦荟广场B座首层155号商铺,0,1,0.9570334804298932
过年好 你接听过我的电话 党干的坏事太多太多了 它会招来灾难的 你看现在灾祸 社会问题真是太多了 高官也纷纷落马 这就是天在灭它 人们已经认清了这一点 都在退出它的组织 不和它沾光 我用鸿运这名字帮你把党组织 团或少先队退出了 好吧 祝福你们全家,1,0,0.007822263640612151
四柱杀兔狗 杀红单 杀x尾 指南 兰绿双色来中特 双数今期错不了 杀绿双 杀兔猴 杀x尾 杀x合 第一面是猫坐在树桩上 地上有苹果 有树 第二面是一个人想抓地上跑的鸡 地上有苹果 有荷花 有树 第三面是一个老鼠爬在树上 有草开花了 有石头 猪狗马猴牛鼠羊蛇 上错猪猴羊兔牛虎鼠蛇 上错牛蛇马鸡猪猴虎,1,0,0.4095547122299764
有行业结果企业家亲临现场 分享业绩增长秘诀 x月x x日 杭州 营销进化论 全新升级归来 挑战年后业绩新高潮 就等你来参加 报名,1,0,0.14891448296797596
万 变 仪 随心所欲 不要练习 可玩宝子,1,0,0.3174960296096997
元宵节快乐 在给你一次今晚一菠稳 明天表示xxx元 谁蒙谁诛 九 族 考虑好能做到找xxxxxxxxxxx刘先生 谢绝小人,1,0,0.46142715493881137
xxx期精版个十位 人虽小 排名大提示 双进双出送你一句话 身怀绝技扬四方,1,0,0.2940839548209694
有兴趣的可以加扣1074358902快来一起挣钱,0,1,0.5305476548184196
小李子答曰 今天外面真棒,0,1,0.8395305521649435
翁源诚信摩托车行现推出活动,0,1,0.6770380538926131
智城好声音第四期强势再袭HIGH爆全场,0,1,0.5143270826032151
恭喜 你已被中央卫视 出彩中国人 栏目后台抽到 已获得奖金xx x万元及苹果电脑一台 登陆 cyerk com 查收 识别码xxxx,1,0,0.44745196309902324
江北北区锦城通讯4G特惠手机促销活动,0,1,0.9437073085350599
diko迪凯高煎药壶分体中药壶全自动陶瓷养生壶电砂锅药器罐中药煲,0,1,0.838482121420783
中国电信发布 天翼4G 品牌,0,1,0.6774985036425728
五年后xxx 回购 十年后xxx 的回购 是目前政策好 又最具有升值潜力的旺铺 地址xxx国道和芦庵公路交接口 天桥那里 往北,1,0,0.46724965623465964
大哥 兄弟刚接了个新场子人民路xxx号 宝丽金 ktv最新的玩法吸引了整个温州 妹子漂亮 服务周到 还有与众不同的玩法 有空来体验 光头,1,0,0.24245350029794976
x元 公斤 绿豆xx元 公斤均与上周持平苏果大豆油x升 桶装xx,0,1,0.9138621528220259
咨询个股找秧我助理王老师,0,1,0.6917537063283163
財新中國x月PMI終值下修至xx,0,1,0.6480544159022932
北京市人民法院 杨光凯 您好 中国好歌曲栏目组 把您的失信书传来本法院起诉您故意破坏本次活动的名誉 我们核对是你个人填写的信息 确实,1,0,0.1197221367368051
北京市法院通知 尊敬的田皓宇 我是歌手第三季 向本法院提交法律诉讼材料 您目前涉嫌违约合同 请你及时解除合同 本院给,1,0,0.10986411929021359
项目来源 中桥融资担保有限公司,0,1,0.5166372372296295
除此还有防晒 金盏花250ml 身体乳 手霜 晚霜等赠送,0,1,0.771472900562305
您好 我们是浙江展达金融服务集团 前身为浙江展达投资管理有限公司 我们公司是一家专业第三方投资理财信息中介服务平台 主要从事债权投资居,1,0,0.3407026643157268
检票后xxx多号人如 泉水般 涌入,0,1,0.661247980673806
尝试一次AmazonShopbop,0,1,0.6389092087016017
无锡恒隆广场xx楼体验店欢迎您,0,1,0.9163074025207792
云南销毁600余吨走私 僵尸肉 价值1300万,0,1,0.5235997296885812
医生你好 我是杭州圆梦医疗科技有限公司的刘编辑 可以帮你代写代发浙江省一二级医学论文 前期可以不收定金 手机号可加微信 QQ xxxx,1,0,0.44807066293578723
金蝶等ERP系统专业销售条码相关产品 扫描器 条码打印机 碳带 标签,0,1,0.5555450970345595
华冶向阳里您家xx 户型方正 两室朝南 动静分区 客餐厅一体更显大气 但厨房小阳台不好利用 阳台连卧室私密性较差 可考虑把小阳台纳入厨,1,0,0.3247354048535155
激活并消费x笔xxx元以上金额,0,1,0.8965086108769256
我是你的健康顾问兼心理医生,0,1,0.6708713476389042
浙江美术馆 程泰宁 项目,0,1,0.5548411257088934
松诺小厨 大麦若叶系列甜品清凉上市,0,1,0.7442458027801444
满400送价值188元衣服一件或口水巾一条,0,1,0.9532951317946197
平连码 取码一个三十七,1,0,0.1728636003164245
我们公司近期开展 遇见更好的自己 太平梦想星搭档精英招募计划 十万年薪起步 前景广阔 时间自由 财务自由 免费旅游 学习培训 广交,1,0,0.48752491824398914
九鼎投资推出的借贷宝推广我已经陆续领到奖金啦,0,1,0.5520110072976405
从今天起,1,0,0.5
jua融资xxx万的理财产品,0,1,0.7597363620252667
六合彩今天主功,1,0,0.20531084091413596
您好 冒昧打扰 龙艺彤 xx岁 x米xx 肤白貌美 湖南永州人 现深圳信息学院学子 无奈家境窘迫无法完成我的大学梦 但我不想放弃遂求助,1,0,0.05850917199996942
连云港美的中央空调介绍其次面积要够,0,1,0.7180030972085714
中国太平人寿保险公司是很棒的公司,0,1,0.5041385019721525
就能享用艾娜价值92元的下午茶套餐,0,1,0.7946418578697289
x类机构xxx万人迁出北京城六区,0,1,0.5257918198024476
来王府井淘汇新天购物中心体验一把真正的夏日淘醉盛宴,0,1,0.8154048202981055
和蛋黃哥喝杯茶期間限定茶館X展覽夯,0,1,0.606589545032845
总共x架飞机会持续航行到xxxx年x月,0,1,0.6037373900761622
徐州万达百货百家业主全部撤柜,0,1,0.647073863848355
斯坦福购物中心的SONY专卖店关门大吉了,0,1,0.7379593724847282
PTR彼得罗夫玫瑰面膜 玫瑰是女人最好的朋友之一,0,1,0.717143387678911
你好 平安综合金融集团 招聘岗位有 讲师 管理 销售 人力资源 助理 会议接待 文员,1,0,0.46103063015321377
宽阔 善待他人 按照真善忍做人 真善忍多顺啊 一顺百顺 事事顺 现在有一百多个国家一亿多人修炼法轮功 许多教授 博士都修 能不好吗 他,1,0,0.001683697787428419
报名时间 xxxx年x月xx日 xx日 xx日共三天,0,1,0.9768109287124807
我是xxx xxxxxxxx刘先生 苐xxx祺 出 兰 菠 请下两千 明天表示xxx元下祺继续 谁蒙谁 绝 子 保留信息,1,0,0.18660526513808842
包头众锐大众进口汽车现已正式开启东正金融购车业务 超低手续费 一年期零利率 审批更快 一站式服务,0,1,0.9818209860849456
xxxxx残忍的告诉我只有xxx兆了,0,1,0.5320964617164197
xxxx年 圆梦计划 开始报名啦,0,1,0.7801768702499219
Newbalance男式跑鞋超值特价,0,1,0.9766992069441407
CP1蛋白质营养针剂护发膜 韩国美发沙龙专用,0,1,0.6491811418095599
德众金融特举办 皖风徽韵 源远流长 致我心中最美的安徽符号 活动,0,1,0.6335369827377081
x月xx日xx xx胶宁高架路东向西车多,0,1,0.9359385548161274
本公司招聘私募基金经理 资产证券化项目经理 待遇从优,0,1,0.8379141200989587
xx年考研没有过咋办 加qqxxxxxxxxx 精准操作 完成你的心愿,1,0,0.36218450791358625
环城西路xx号楼下一家卖大东鞋的,0,1,0.5456340546133204
办业务期间还在玩微信抢红包,0,1,0.5653773829051434
门联 一四来开 本期特码必开双 鸡前虎尾必中特 我今晚不买了 一肖是狗,1,0,0.4516998730564284
溧水至高淳及回程发车时间调整,0,1,0.50786811905508
茶叶店招聃女工,1,0,0.5
卫生间的设计秉承了简约 时尚的宗旨,0,1,0.6137978604651252
pvc壁纸 无纺壁纸 纯纸壁纸 纱线壁纸 功能性除甲醛壁纸等,0,1,0.5993527769875134
更好的体验详情请咨询当地 挚翔商贸旗舰授权体验店,0,1,0.7316235397083745
商务区内供热能力突破xxxx万方,0,1,0.6025139862118215
司 香港金融管理局应大陆政府要求 共同签署 港彩一码 内幕资料 为中国大陆彩民提供香港赛马会内部六合彩一码中特准确信息 中奖率能达到百,1,0,0.12926478830857682
省司法厅 省戒毒管理局筹办,0,1,0.5492081623600121
不是由中共的伪劣戏而是否灭中共 而是由巨人的私仇必须灭绝中共 虽然中共是世界最佩服的黑客盗窃国家 头脑简单四支发达 如利剑 隐形战机,1,0,0.001200113180827939
今晚有六合彩開 現在给你 xx,1,0,0.39950220961654315
今后不用麻烦去 奥 门了,1,0,0.38774572436100513
xx米宽双向x车道的青竹湖大道,0,1,0.7993586168973277
东北风x xx岁男女孩篮球训练x x日火爆开始 训练内容 篮球技能训练 协调性训练 体能训练 灵活性训练 通过篮球训练 增长身高,1,0,0.10398210792841159
中长款半透明棉质衬衫可做防晒服三色可选均码 肩宽xx袖长xx胸围xxx前长xx后长xx,0,1,0.83468858650519
现在起不需要排队苦等xx日排期不需要x,0,1,0.7033109979692402
小额贷款保证保险支持的贷款对象为三类人群,0,1,0.729501636946875
xxxx年x月xx日早上x点xx分,0,1,0.7141070177294295
RebeccaMinkoff瑞贝卡明可弗MABTote经典大号挎包两色新低 123,0,1,0.7588309365773349
全部商务楼宇共新增注册企业xxx家,0,1,0.5116213018762462
汽车养护汽油添加剂十大品牌维环节油宝,0,1,0.548662053088417
免费当日速递 首单满 50减 20Amazon,0,1,0.7442640922418378
泰戈尔新的一天,0,1,0.5528905780213144
刘思思九岁 手机号码15038492764 13651066954,0,1,0.7237258736610082
本酒店提供基本洗漱用品 毛巾 拖鞋 烧水壶 电吹风等 当地插座为两眼扁头 一般手机无需转换器 日元可在国内银行兑换 或到当地用银联卡直,1,0,0.35756153127121193
马刺的荣誉之路回顾马刺以往的泪水和鲜花,0,1,0.5540598643313746
所有的周末都用来上班装修和往返京津,0,1,0.5631020529583144
报刊行第五站 沛县图书馆,0,1,0.5962487375248209
老板想继续跟我料帮冲点话费我一直发信息两个半波x粒码给你中大钱 请相你黄生,1,0,0.3423257570266363
金丰元智雍商学院 企业资本落地班 与其他机构的不同 x金丰元智雍商学院中国唯一一家金融资源供应商 由红杉资本 中植集团 国金证券 优势资本等xx家投资金融机构组成的综合性金融服务平台 x平台借鉴美国专业的金融服务模式 本土化运作 为中国的民营企业家提供 金融培训 金融顾问 金融落地一站式服务 x让每位企业家在平台上实现自身企业金融的导演 本期x月xx xx日开班 赵刚 敬xxxxxxxxxxx,1,0,0.07814768708046146
输入我的推荐人代码 xxtssx 就可以获得超值魔幻卡,0,1,0.6482164188739287
常州市天宁区前后北岸社区举行 阳光夏令营 活动,0,1,0.5330486235135229
因业务需要现招聘儿童乐园营业员一名,0,1,0.6068624899387068
八月四号店主生日当天美瞳全场八折好不好,0,1,0.9937103678178061
乐亭微生活免费商家推广软件 商家的任何活动包括代金券的发放 砸金蛋赢奖 都可以在本平台实现 可在百度助手 xx手机助手 xxx手机助手 小米手机助手等软件市场输入乐亭微生活免费下载App 比纸质媒体更好的增加商家与顾客的互动性 如有问题请打xxxxxxxxxxx了解,1,0,0.17868392512776768
Nexus系列的鼻祖NexusOne,0,1,0.5296383482024017
电视购物同款韩国正品魅颖魔白身体乳魅影磨白润肤乳xxxml买x送一买xx送x 白皙身体乳x,0,1,0.8920661861173637
xx 长春街头乞丐换衣交接,0,1,0.8449633197571749
集儿童游乐运动健身亲子互动主题活动为一体专注为孩子提供安全快乐的游戏空间,0,1,0.5372900153504286
x月x日下午 西湖谈酒 的老台门黄酒 茴香豆 温酒器 酒筹 酒牌等都已经到位,0,1,0.6972055549492742
我们公司结合全国著名主持人乐嘉老师推出一套 色眼识人 系统 通过测试 有指定的分析师对您的性格进行分析 科学的得出您性格的特点 帮助您了解自己 提供与人交往的合理建议 想了解自己性格请联系我 电话xxxxxxxxxxx薛静,1,0,0.24036116745305672
今晚尾班亚冠火爆英伦德杯赛事不断 陈谭新大赛视点近x中x 朱金伟连中x场当旺 大富翁最新推介已发布请上网或短信接收 把握周中盈利良机,1,0,0.1868224712597277
地址在镇江市润州区西津渡小码头街62号,0,1,0.8463901921415166
英语口语轻松练 千万学生都在用的口语练习 下载翼校通客户端即可免费用 分享还有大礼包 您的翼校通账号是您的手机号码 密码请通过 忘记密,1,0,0.3627719029066667
rain 唐嫣 罗晋 迪丽热巴等男神女神集体卖萌耍宝,0,1,0.817860803978669
三二归期一可待 一八相通落一边 送单一买中特 歇后语 狗嘴上贴对联 没门 无门 转弯 那里佛像最少 南边 南无啊弥陀佛嘛,1,0,0.1561854914783831
四川金隆投资管理有限公司金隆生态木地板,0,1,0.5492329417455876
x号不知道去哪了 这有别人没有的酸奶机 有别人没有的案例 有别人没有的才料有别人没有的实恵 万达周六下午一点xxxxxxxxlxx 金舍,1,0,0.03758447703289832
兄弟们 我现在是深圳家云智能科技有限责任公司上海总代理 为地产商提供智能社区 智能办公 智能酒店 智能家居产品设计及整体规划方案 对商,1,0,0.3189042343452697
哥哥你好 在忙吗 我是一个姐姐把你号码给我的 哥哥我家里出了点事情想请哥哥帮我一个忙好吗 我也不好意思跟哥哥打电话 可是我家里真的不好,1,0,0.028393967818528154
笨鸟先飞关你一句话 笑声不绝就手观xxx期精版个十位 蛇 xx本向西 偏,1,0,0.4030839808351848
福州马尾新城最大购物中心即将完工,0,1,0.6147615521521468
好活动 3折限时抢苹果干细胞美白嫩肤蚕丝面膜贴 推荐给你,0,1,0.6246409663330712
通知 新学期伊始 英语语言服务联盟ELSL面向全校大一新生开始招新了 想与国际接轨吗 想秀出你们精湛的口语吗 想和国际展商对话吗 最最关键的是 想提高自己英语的应用能力吗 那就不要犹豫了 快快来报名吧 想要报名的同学 请在x月xx日之前回复我,1,0,0.19976684721005514
滚滚 欲罢不能 植物细胞HB养肾通 绝对是一款让男人心跳女人尖叫的产品 让您真正意义上回到xx岁的激情活力 植物细胞HB养肾通 被,1,0,0.03228132973551758
最主要的是还有温泉药浴非常贴心,0,1,0.5544102413382116
本周xx名xxx元加油卡的幸运得主已新鲜出炉,0,1,0.9292382092188944
地址 栖霞区尧化门街179号,0,1,0.9284951820070487
150多名境内外客商参加对接洽谈,0,1,0.6468939637294406
汽车制造商需要 抱团取暖,0,1,0.5308799143837128
大哥好 在忙吗 我是凌凌 是位音乐学校钢琴系的一名漂亮的女孩 有着天生丽质 皮肤白皙的美貌 学校分配出来实习 可实习的地方非常的不好 a,1,0,0.03247508833449095
大到大型物流基地 医疗机构,0,1,0.7237591689974521
xx期 挂xx 爆狗 挂牌出肖 龙猴羊马鼠猪 狗跳猪出圈 二二得三二 欲钱买人鬼不象 猜无问当官娶妻 福星高照,1,0,0.16869274901070194
一一出特龙虎来 特码合数定是单 原来不言为着它 生肖如今以看好 三九左右开,1,0,0.24658323934009607
D5安德拉什大街是布达佩斯标志性的林荫大道,0,1,0.5918066689241822
xxxx中超联赛第xx轮 xxxx,0,1,0.7097546340525503
bibibibi后得出结论价格高房子不合住,0,1,0.6089574147995754
大哥 您好 我是上海优购中心健康客服吴蕾 美国勃金Vx男根活性肽 重振男人雄风 让女人夜夜惊叫 增强硬度 让她更充实 耐力持久,1,0,0.3537678425428244
现政权现在的侵占本就有限的耕田林地盖房,0,1,0.8524023321199847
丽江唯一视觉大量招聘门市选片师化妆师礼服师摄影助理,0,1,0.6190300078768014
各位亲爱的VIP加点劲儿給点力一起让数字专辑破个百万吧也是饭界良心,0,1,0.5484821707476082
91克圈口大小可调节1120 支持任何国检,0,1,0.8151319212520947
电话 6291255 6291812,0,1,0.9036531083642929
林肯路1111号渴望大胆 淳朴 永恒,0,1,0.7830366605418744
weishenmene6456我微信,0,1,0.5158901314628634
您好 内部发行 秘戏图大观 全面记录了从西元前xxx年至清代 印度 日本人的激情隐私图近xxxx幅 台湾原版铜版纸彩印 给您留两套吧 小陆,1,0,0.20836210753201126
xx日至xx日马台街社区社工来到下关大厦,0,1,0.605632089999986
张敏xxxx年x月x日出生于上海,0,1,0.8488083801192279
家装顾问陶宏宇分享了怡海花园富润园尾期施工的信息 竣工验收了,0,1,0.6279457241716834
三峡商报 发布招聘招商出租转让公告声明投资理财租赁清洗等生活资讯效果好 咨询电话xxxxxxxxxxx,1,0,0.4694209654852902
亲们 本人开店了 做彩钢瓦呢 有需要做的或者亲戚要做的 帮忙介绍下 谢谢了,1,0,0.44961446267498334
吉安电视台 明星小主持开学啦 全国口才名校 著名播音老师任教 让您的孩子敢说 会说 能说 对x xx岁孩子限额招生 详询xxxxxxx,1,0,0.43772925600878665
具体上课时间 x月xx日至xx月底,0,1,0.9449454805123186
尊敬的客户 我们公司 畅赢人生 产品 缴费期满即领钱 交多少领多少 保本保息保养老 畅赢人生是 在高利率环境下设计的一款给客户提供长期稳健 较高回报的年金产品 然而 现在我国已进入降息通道 继续 销售会对公司造成巨大压力 为了保证原有客户既得利益 我们不得不进行限时停售 好东西要向好朋友推荐 畅赢人生是相当不错的选择 泰康人寿 马海霞 电话xxxxxxxxxxx,1,0,0.4300750196590784
VIVO手机即赠送水壶一个,0,1,0.8121203150327094
哥 最近在哪 有时间吗 重庆来了几个极品美女 条件非常优秀 方便的话看我微信 摇摆时钟 的朋友圈 才跟新了 如果没有加我微信 我也可发,1,0,0.04176904139144662
填精潜阳固濇法 熟地x两砂仁末x钱拌 鱼鳔胶x两 炙龟板 煅牡蛎 炒山药 莲肉去心 菟丝子酒煑烂焙干 茯苓各x两,0,1,0.5937328900845673
授课人 思魅贸易金牌讲师 玫瑰丽人时间 今晚八点你平时出门会使用彩妆产品么,0,1,0.5334444285883444
张钦锋同学祝你科三顺利通过,0,1,0.5823394858747143
并于xx日下午移入黄海南部海域,0,1,0.7570879206318545
蒙发利获公司董事增持xxx万股,0,1,0.8165421448234974
哥新年好 我身材超好的 皮肤和牛奶一样嫩白 个子不高不矮 我叫姚莉 希望和你做长期朋友,1,0,0.42298837261169886
采用镜面抛光的Cromarganxx xx优质不锈钢,0,1,0.6492729646731016
x月xx号中午与我们一起关爱环卫工人,0,1,0.8163966720903281
来个日光浴是非常惬意的享受,0,1,0.7040041179997146
原价出售红米note移动增强版手机,0,1,0.846659031407673
法i伦大法好真善忍好,1,0,0.28645348157722406
